timestamp,building_id,floor,electricity_kwh,water_liters,hvac_kwh,lighting_kwh,equipment_kwh,occupancy,outdoor_temperature,indoor_temperature,energy_cost,peak_hour
2026-03-01 03:00,B1,3,71.51,90.7,19.52,8.88,43.11,8,22.4,21.3,7.87,0
2026-03-01 06:00,B3,2,97.44,163.2,49.95,20.47,27.02,18,30.9,22.8,10.72,0
2026-03-01 14:00,B2,3,54.81,147.8,15.0,19.39,20.42,15,20.8,23.4,6.03,0
2026-03-01 17:00,B3,4,74.94,181.1,31.09,19.43,24.42,17,27.7,23.4,8.24,0
2026-03-01 21:00,B3,1,51.43,140.4,15.0,9.67,26.76,14,18.8,21.6,5.66,0
2026-03-02 03:00,B1,3,47.23,31.9,19.44,5.81,21.98,2,24.4,22.7,5.2,0
2026-03-02 07:00,B3,3,100.46,71.5,62.02,19.47,18.97,7,33.2,22.9,11.05,0
2026-03-02 13:00,B1,4,141.13,1029.2,55.83,34.12,51.18,118,25.1,23.3,25.4,1
2026-03-02 21:00,B3,4,35.48,47.3,16.0,5.87,13.61,4,24.5,23.5,3.9,0
2026-03-03 05:00,B3,1,62.69,129.3,25.99,10.01,26.69,14,24.9,22.5,6.9,0
2026-03-03 11:00,B3,3,123.61,1042.2,36.88,35.87,50.86,118,20.0,22.1,13.6,0
2026-03-03 14:00,B3,3,156.63,755.9,85.33,31.04,40.26,85,33.2,22.3,28.19,1
2026-03-03 17:00,B3,3,152.53,912.7,75.64,34.39,42.5,106,26.8,21.3,27.46,1
2026-03-03 20:00,B1,4,87.71,52.0,49.53,18.03,20.15,4,32.7,23.4,9.65,0
2026-03-04 04:00,B1,5,79.66,113.5,52.19,8.37,19.1,9,31.6,22.7,8.76,0
2026-03-04 08:00,B1,1,122.05,768.3,49.23,29.37,43.45,89,24.1,22.5,13.43,0
2026-03-04 11:00,B2,1,164.4,1064.1,75.04,34.7,54.66,122,27.3,21.7,18.08,0
2026-03-04 19:00,B2,2,58.28,123.7,15.0,19.05,24.23,11,19.7,22.6,6.41,0
2026-03-04 22:00,B1,4,69.59,48.2,44.99,6.02,18.58,3,31.1,23.0,7.65,0
2026-03-05 02:00,B1,4,80.93,64.6,48.86,8.45,23.62,3,32.5,23.1,8.9,0
2026-03-05 06:00,B1,4,74.94,123.7,41.62,18.29,15.03,12,26.7,21.5,8.24,0
2026-03-05 14:00,B2,4,197.38,1378.9,101.21,42.16,54.01,160,30.5,22.8,35.53,1
2026-03-05 17:00,B3,3,121.77,1079.2,41.84,36.19,43.74,124,19.0,22.5,21.92,1
2026-03-05 20:00,B3,1,92.61,36.7,54.17,18.16,20.28,3,30.2,21.6,10.19,0
2026-03-06 02:00,B2,2,75.23,87.5,49.11,8.22,17.9,8,30.1,21.8,8.28,0
2026-03-06 05:00,B1,4,59.67,63.5,37.38,6.09,16.2,3,29.2,22.4,6.56,0
2026-03-06 09:00,B2,3,151.62,1300.9,50.18,41.45,59.99,150,20.8,23.1,16.68,0
2026-03-06 15:00,B3,1,162.85,647.5,101.0,29.33,32.52,74,34.9,21.3,29.31,1
2026-03-06 21:00,B1,3,53.29,20.0,31.02,6.42,15.85,1,27.1,21.6,5.86,0
2026-03-07 03:00,B1,4,64.79,327.6,33.97,8.59,22.23,5,27.9,22.1,7.13,0
2026-03-07 07:00,B2,2,49.27,64.1,15.0,17.53,16.74,6,18.8,21.9,5.42,0
2026-03-07 15:00,B3,2,123.1,95.7,77.21,19.93,25.96,10,34.7,21.6,13.54,0
2026-03-07 21:00,B2,2,41.44,84.0,15.0,6.32,20.12,8,22.8,23.0,4.56,0
2026-03-08 03:00,B2,2,53.96,162.9,15.0,10.14,28.82,17,22.0,22.7,5.94,0
2026-03-08 11:00,B3,5,63.93,123.8,24.39,20.84,18.7,13,24.0,21.1,7.03,0
2026-03-08 17:00,B2,5,122.75,221.1,79.75,19.58,23.42,23,35.7,21.3,13.5,0
2026-03-08 21:00,B2,4,41.61,164.5,15.0,9.24,17.37,15,19.3,22.7,4.58,0
2026-03-09 05:00,B2,4,78.78,88.1,47.75,8.72,22.31,6,30.5,22.4,8.67,0
2026-03-09 11:00,B2,5,162.45,754.9,89.8,30.64,42.01,86,33.0,21.8,17.87,0
2026-03-09 15:00,B3,4,197.2,1338.0,100.65,39.35,57.2,154,32.3,23.4,35.5,1
2026-03-09 19:00,B3,3,53.9,33.1,15.0,18.95,19.95,0,22.0,21.5,5.93,0
2026-03-09 23:00,B3,4,68.87,33.4,37.78,7.58,23.51,0,26.9,21.6,7.58,0
2026-03-10 07:00,B1,5,56.89,145.8,15.0,19.49,22.4,14,22.5,23.1,6.26,0
2026-03-10 15:00,B3,5,148.92,1012.3,65.72,35.78,47.42,117,25.7,23.3,26.81,1
2026-03-10 21:00,B3,4,69.91,53.8,47.04,6.0,16.87,2,29.3,21.7,7.69,0
2026-03-11 01:00,B1,4,86.36,28.9,44.5,23.3,18.56,2,30.5,22.8,9.5,0
2026-03-11 04:00,B3,4,65.63,99.1,30.08,8.91,26.64,9,26.6,23.4,7.22,0
2026-03-11 08:00,B2,2,128.56,941.5,49.66,34.39,44.51,109,22.9,22.2,14.14,0
2026-03-11 12:00,B3,5,128.7,1158.0,42.08,36.05,50.57,132,18.5,22.0,23.17,1
2026-03-11 18:00,B2,3,172.75,1357.1,68.75,40.38,63.62,157,21.8,21.8,31.09,1
2026-03-12 02:00,B1,5,45.61,92.1,15.0,8.39,22.22,7,18.9,23.4,5.02,0
2026-03-12 06:00,B1,5,53.94,58.5,15.0,17.1,21.84,3,20.7,21.3,5.93,0
2026-03-12 09:00,B1,3,115.21,879.7,40.01,33.57,41.63,99,19.9,21.1,12.67,0
2026-03-12 13:00,B1,3,148.04,663.5,87.81,28.95,31.28,75,33.3,22.5,26.65,1
2026-03-12 16:00,B3,3,119.15,1071.9,31.21,37.18,50.76,122,18.2,22.1,21.45,1
2026-03-13 00:00,B1,5,109.73,147.2,76.55,9.73,23.45,15,35.4,21.7,12.07,0
2026-03-13 03:00,B2,4,42.51,126.6,15.0,8.28,19.23,12,22.4,22.2,4.68,0
2026-03-13 09:00,B2,3,163.34,824.7,93.31,31.8,38.23,95,33.8,22.8,17.97,0
2026-03-13 13:00,B3,4,193.36,1385.8,94.82,41.03,57.51,161,29.6,22.2,34.8,1
2026-03-13 19:00,B2,5,74.12,101.9,36.77,18.86,18.49,10,27.6,22.1,8.15,0
2026-03-14 01:00,B1,5,99.08,132.8,66.81,8.1,24.17,11,35.1,22.7,10.9,0
2026-03-14 07:00,B1,2,55.11,158.2,16.34,19.7,19.07,14,23.3,21.9,6.06,0
2026-03-14 11:00,B3,4,52.32,130.5,15.0,19.42,17.9,14,19.8,21.0,5.76,0
2026-03-14 19:00,B1,1,87.61,251.0,38.61,20.21,28.79,25,25.2,21.2,9.64,0
2026-03-14 23:00,B1,5,91.54,227.3,57.51,10.17,23.86,24,31.8,22.5,10.07,0
2026-03-15 07:00,B2,5,81.99,97.8,47.43,17.82,16.74,8,29.2,22.5,9.02,0
2026-03-15 11:00,B3,1,56.45,222.5,15.0,19.7,21.75,24,20.8,22.0,6.21,0
2026-03-15 14:00,B3,2,114.83,225.9,71.85,22.16,20.82,25,34.6,23.0,12.63,0
2026-03-15 18:00,B2,2,63.05,142.2,15.0,20.57,27.48,14,19.3,21.4,6.94,0
2026-03-16 00:00,B3,4,108.13,159.5,71.78,9.04,27.31,15,35.0,22.3,11.89,0
2026-03-16 03:00,B1,2,92.42,20.0,69.9,7.02,15.5,0,35.3,23.1,10.17,0
2026-03-16 11:00,B3,4,211.4,1163.1,114.76,38.54,58.1,134,34.5,21.5,23.25,0
2026-03-16 17:00,B3,1,391.68,1290.8,297.28,40.19,54.21,148,33.4,21.8,70.5,1
2026-03-16 23:00,B1,4,82.83,20.0,58.83,6.63,17.37,0,33.6,23.1,9.11,0
2026-03-17 07:00,B3,4,101.57,47.6,61.58,17.91,22.08,4,31.7,21.5,11.17,0
2026-03-17 11:00,B3,2,144.48,975.8,56.83,35.78,51.87,112,23.6,21.0,15.89,0
2026-03-17 15:00,B2,3,194.43,1425.3,92.67,42.32,59.44,166,27.2,21.7,35.0,1
2026-03-17 19:00,B1,3,101.63,103.5,57.44,19.02,25.17,10,31.9,23.1,11.18,0
2026-03-18 03:00,B1,4,65.07,132.9,39.85,7.77,17.45,12,27.7,21.9,7.16,0
2026-03-18 07:00,B2,1,65.27,141.4,19.81,19.79,25.67,12,23.7,22.2,7.18,0
2026-03-18 10:00,B1,5,165.1,635.7,100.14,28.12,36.84,72,35.4,21.8,18.16,0
2026-03-18 18:00,B3,2,100.02,826.1,24.29,32.03,43.7,93,19.3,23.0,18.0,1
2026-03-19 02:00,B2,4,88.34,33.8,64.75,7.35,16.24,2,33.7,21.1,9.72,0
2026-03-19 05:00,B3,1,43.51,21.2,20.31,7.39,15.81,0,26.0,22.7,4.79,0
2026-03-19 13:00,B3,2,173.15,1481.0,68.23,43.7,61.22,171,21.1,21.2,31.17,1
2026-03-19 19:00,B2,3,87.19,142.3,49.51,20.13,17.55,14,30.0,23.2,9.59,0
2026-03-20 01:00,B3,4,75.52,93.6,47.49,7.5,20.53,9,30.4,22.1,8.31,0
2026-03-20 07:00,B3,3,58.42,134.3,15.0,19.5,23.92,12,18.4,23.1,6.43,0
2026-03-20 15:00,B2,2,182.72,1231.5,87.75,37.9,57.07,141,28.9,21.9,32.89,1
2026-03-20 19:00,B3,1,105.13,90.4,68.69,17.45,18.99,9,34.3,22.6,11.56,0
2026-03-21 01:00,B3,4,54.43,205.2,21.01,9.4,24.02,22,21.2,21.3,5.99,0
2026-03-21 09:00,B2,3,100.09,91.2,55.21,19.95,24.93,7,32.5,22.2,11.01,0
2026-03-21 15:00,B1,4,56.26,182.9,15.0,21.1,20.16,19,18.3,22.3,6.19,0
2026-03-21 21:00,B1,2,70.03,216.1,33.98,10.13,25.92,22,26.5,22.5,7.7,0
2026-03-22 03:00,B3,4,37.14,87.6,15.0,7.38,14.76,6,20.1,21.1,4.09,0
2026-03-22 11:00,B2,5,73.1,105.0,28.7,19.31,25.09,9,25.5,22.9,8.04,0
2026-03-22 17:00,B1,3,58.86,128.3,16.85,18.1,23.91,12,21.9,22.1,6.47,0
2026-03-22 23:00,B1,4,48.55,200.6,15.0,8.49,25.06,19,23.0,23.4,5.34,0
2026-03-23 05:00,B1,2,85.98,84.2,61.11,8.34,16.53,6,32.2,21.5,9.46,0
2026-03-23 08:00,B2,2,218.86,1387.4,123.74,42.28,52.84,162,35.8,22.4,24.07,0
2026-03-23 12:00,B3,3,93.39,670.3,23.72,28.98,40.69,76,18.3,21.7,16.81,1
2026-03-23 15:00,B2,5,162.71,1324.2,64.13,41.55,57.03,153,22.0,22.5,29.29,1
2026-03-23 18:00,B2,4,176.42,1311.7,86.75,38.87,50.8,151,25.7,21.3,31.76,1
2026-03-24 00:00,B3,5,63.85,107.6,40.14,8.17,15.54,9,27.9,21.8,7.02,0
2026-03-24 04:00,B2,4,96.74,138.4,67.89,9.29,19.56,14,34.0,22.0,10.64,0
2026-03-24 08:00,B3,4,80.09,617.4,16.62,28.88,34.59,71,19.2,23.1,8.81,0
2026-03-24 14:00,B3,1,197.37,1569.1,85.4,45.6,66.37,180,25.4,23.2,35.53,1
2026-03-24 20:00,B1,5,83.45,148.5,38.14,18.57,26.74,15,27.1,21.4,9.18,0
2026-03-25 00:00,B2,5,95.33,20.0,67.34,6.97,21.02,0,35.5,23.0,10.49,0
2026-03-25 06:00,B2,3,62.65,114.8,15.0,20.02,27.63,12,18.1,23.2,6.89,0
2026-03-25 14:00,B2,4,170.71,1328.5,71.34,41.62,57.75,152,24.1,21.9,30.73,1
2026-03-25 17:00,B3,1,135.51,1062.4,54.67,35.54,45.3,122,22.9,22.7,24.39,1
2026-03-25 20:00,B2,5,92.37,24.6,26.01,19.1,47.26,1,26.8,22.7,10.16,0
2026-03-26 02:00,B2,1,38.59,69.3,15.0,7.35,16.24,5,18.1,22.9,4.24,0
2026-03-26 08:00,B1,4,144.2,549.9,87.1,25.53,31.57,62,33.5,21.1,15.86,0
2026-03-26 16:00,B2,1,122.98,726.1,49.91,30.0,43.07,81,25.3,23.4,22.14,1
2026-03-26 19:00,B1,4,84.18,135.4,46.26,20.04,17.88,12,28.6,22.3,9.26,0
2026-03-26 22:00,B3,5,49.46,110.6,15.0,9.11,25.35,11,21.5,22.9,5.44,0
2026-03-27 02:00,B1,5,41.54,49.6,15.0,7.62,18.92,2,20.8,22.9,4.57,0
2026-03-27 10:00,B3,5,148.68,870.5,76.44,33.03,39.21,101,29.6,23.5,16.35,0
2026-03-27 16:00,B2,5,101.92,860.1,29.42,30.96,41.54,99,19.0,22.3,18.35,1
2026-03-27 19:00,B3,5,71.2,28.1,31.9,18.58,20.72,1,27.1,22.2,7.83,0
2026-03-27 23:00,B1,4,44.65,96.2,15.0,6.75,22.9,10,19.9,23.2,4.91,0
2026-03-28 07:00,B3,5,90.47,130.6,45.72,20.42,24.33,14,29.0,21.9,9.95,0
2026-03-28 13:00,B1,3,63.69,147.1,15.0,20.65,28.04,14,19.7,22.7,7.01,0
2026-03-28 16:00,B3,2,124.8,250.6,77.88,20.93,25.99,25,34.5,21.8,13.73,0
2026-03-29 00:00,B3,3,91.85,189.0,57.83,10.16,23.86,21,32.6,22.7,10.1,0
2026-03-29 04:00,B2,4,39.44,109.6,15.0,8.88,15.56,9,21.5,23.5,4.34,0
2026-03-29 07:00,B3,3,116.92,237.1,68.02,20.09,28.81,24,33.8,22.5,12.86,0
2026-03-29 11:00,B3,4,59.41,135.5,15.0,19.63,24.78,12,18.8,21.9,6.54,0
2026-03-29 15:00,B2,4,122.74,217.0,80.49,20.84,21.41,23,34.3,21.5,13.5,0
2026-03-29 19:00,B1,5,66.26,243.8,15.0,20.86,30.4,25,20.5,21.6,7.29,0
2026-03-29 22:00,B2,1,97.83,195.2,58.82,9.46,29.55,21,31.7,21.7,10.76,0
2026-03-30 04:00,B1,4,37.96,79.1,15.0,6.29,16.67,7,19.0,22.3,4.18,0
2026-03-30 10:00,B1,2,159.58,1043.5,73.99,34.42,51.17,120,18.7,23.3,17.55,0
2026-03-30 14:00,B1,5,180.18,980.4,101.81,33.96,44.41,114,34.9,22.5,32.43,1
2026-03-30 22:00,B1,1,88.44,94.4,60.37,6.73,21.34,0,33.1,22.2,9.73,0
2026-03-31 06:00,B1,1,71.32,39.4,33.65,17.41,20.26,0,27.4,21.9,7.85,0
2026-03-31 09:00,B2,1,156.93,1204.0,61.34,38.75,56.84,140,24.2,22.8,17.26,0
2026-03-31 15:00,B3,2,197.74,1298.0,107.84,38.9,51.0,149,32.9,22.7,35.59,1
2026-03-31 18:00,B2,2,78.87,587.0,18.76,26.68,33.43,65,18.8,21.5,14.2,1
2026-03-31 21:00,B3,2,35.02,29.5,15.0,6.15,13.87,1,23.1,23.2,3.85,0
2026-04-01 05:00,B2,3,102.63,140.0,73.77,9.64,19.22,15,35.5,22.2,11.29,0
2026-04-01 13:00,B3,2,122.47,626.5,59.78,27.39,35.3,70,27.8,21.8,22.04,1
2026-04-01 21:00,B2,4,46.01,127.2,15.0,7.95,23.06,11,18.8,23.2,5.06,0
2026-04-02 05:00,B2,5,79.06,20.0,50.08,6.82,22.16,0,32.4,22.7,8.7,0
2026-04-02 11:00,B2,4,169.73,704.4,102.44,30.7,36.59,79,35.1,21.1,18.67,0
2026-04-02 17:00,B2,3,132.5,666.4,67.61,27.66,37.23,74,29.7,21.6,23.85,1
2026-04-02 23:00,B3,4,39.37,142.7,15.0,7.66,16.71,15,21.9,22.5,4.33,0
2026-04-03 02:00,B3,3,81.86,114.3,49.46,8.9,23.5,9,30.0,22.8,9.0,0
2026-04-03 08:00,B3,2,93.44,681.7,28.47,29.03,35.94,77,20.2,21.5,10.28,0
2026-04-03 12:00,B3,1,152.42,1318.2,52.44,40.23,59.75,151,19.2,22.0,27.44,1
2026-04-03 18:00,B3,1,137.24,911.6,57.98,34.09,45.17,104,26.1,22.7,24.7,1
2026-04-03 22:00,B2,5,92.3,63.5,71.08,6.36,14.86,3,34.4,21.1,10.15,0
2026-04-04 04:00,B1,3,45.05,135.6,15.0,7.86,22.19,13,21.5,23.4,4.96,0
2026-04-04 08:00,B1,5,92.56,234.0,51.71,22.04,18.81,23,31.0,22.5,10.18,0
2026-04-04 14:00,B3,2,105.91,241.8,58.15,22.42,25.34,25,31.8,22.0,11.65,0
2026-04-04 18:00,B3,4,56.27,71.2,18.58,18.15,19.54,6,23.4,21.2,6.19,0
2026-04-05 00:00,B3,3,106.96,149.7,80.1,7.72,19.14,16,35.6,21.3,11.77,0
2026-04-05 04:00,B1,1,64.2,238.4,22.98,11.49,29.73,24,23.2,22.0,7.06,0
2026-04-05 10:00,B1,2,80.6,191.8,41.94,20.49,18.17,20,27.0,22.3,8.87,0
2026-04-05 14:00,B1,5,137.89,188.6,90.62,21.53,25.74,20,24.4,21.1,15.17,0
2026-04-05 20:00,B3,3,96.76,163.2,55.56,20.24,20.96,17,31.7,21.9,10.64,0
2026-04-06 04:00,B3,3,77.03,65.1,53.69,5.74,17.6,3,32.9,22.6,8.47,0
2026-04-06 10:00,B1,2,117.54,576.7,58.8,26.16,32.58,65,28.8,22.0,12.93,0
2026-04-06 14:00,B2,5,156.81,1207.8,68.34,37.6,50.87,138,23.7,22.0,28.23,1
2026-04-06 20:00,B2,1,110.97,141.1,23.94,62.35,24.68,13,24.6,22.7,12.21,0
2026-04-07 00:00,B3,1,66.88,140.4,42.63,8.84,15.41,12,28.5,21.4,7.36,0
2026-04-07 03:00,B2,3,60.64,87.2,26.95,8.22,25.47,6,25.5,22.0,6.67,0
2026-04-07 06:00,B3,2,74.74,164.9,37.55,19.19,18.0,15,27.3,22.4,8.22,0
2026-04-07 12:00,B3,3,150.93,813.0,73.39,30.55,46.99,91,29.0,21.5,27.17,1
2026-04-07 16:00,B3,4,190.59,1548.7,85.09,45.01,60.49,179,23.7,21.9,34.31,1
2026-04-08 00:00,B2,2,38.37,41.4,15.91,6.63,15.83,2,23.2,21.7,4.22,0
2026-04-08 06:00,B3,3,54.71,88.6,15.0,19.06,20.65,7,20.5,22.5,6.02,0
2026-04-08 14:00,B2,4,78.68,539.6,21.7,27.93,29.05,60,19.8,22.9,14.16,1
2026-04-08 22:00,B2,2,83.64,103.7,59.16,9.07,15.41,9,31.6,21.7,9.2,0
2026-04-09 01:00,B1,4,96.6,46.6,71.57,6.34,18.69,1,33.9,21.4,10.63,0
2026-04-09 07:00,B1,1,57.43,109.8,15.4,20.47,21.56,10,23.4,22.5,6.32,0
2026-04-09 15:00,B2,2,204.13,1332.6,111.74,39.72,52.67,153,32.6,21.8,36.74,1
2026-04-09 19:00,B1,5,102.76,126.0,60.6,18.21,23.95,13,33.4,23.2,11.3,0
2026-04-10 01:00,B1,1,52.8,78.3,22.29,7.11,23.4,8,22.7,21.6,5.81,0
2026-04-10 05:00,B1,1,72.3,97.5,37.55,8.27,26.48,9,26.4,21.4,7.95,0
2026-04-10 09:00,B2,2,137.33,935.6,58.76,33.7,44.87,107,26.2,23.5,15.11,0
2026-04-10 13:00,B1,5,195.29,1007.9,107.48,34.64,53.17,117,33.7,21.2,35.15,1
2026-04-10 17:00,B3,5,138.33,1095.7,48.57,36.94,52.82,126,20.7,21.8,24.9,1
2026-04-11 01:00,B1,4,53.08,227.2,15.0,9.84,28.24,23,20.4,22.0,5.84,0
2026-04-11 04:00,B3,2,76.25,172.8,50.45,9.02,16.78,16,28.4,21.1,8.39,0
2026-04-11 12:00,B1,3,80.18,252.3,34.78,21.69,23.71,25,25.4,22.9,8.82,0
2026-04-11 20:00,B2,1,89.15,226.8,48.23,21.88,19.04,22,30.3,22.7,9.81,0
2026-04-12 00:00,B3,2,90.25,140.4,59.98,9.26,21.01,14,33.0,22.9,9.93,0
2026-04-12 08:00,B2,2,56.17,106.1,15.0,19.18,21.99,8,23.0,23.3,6.18,0
2026-04-12 12:00,B1,1,58.4,215.3,15.0,22.22,21.18,24,19.8,21.1,6.42,0
2026-04-12 16:00,B1,2,88.27,215.1,40.54,21.24,26.49,23,27.1,21.7,9.71,0
2026-04-12 20:00,B3,5,56.74,66.3,15.0,18.68,23.06,6,22.0,21.8,6.24,0
2026-04-13 04:00,B1,3,96.48,100.5,70.36,7.72,18.4,10,34.9,22.7,10.61,0
2026-04-13 08:00,B1,3,199.67,1038.2,109.8,35.54,54.33,119,33.4,21.4,21.96,0
2026-04-13 12:00,B2,2,151.07,1010.2,66.57,33.83,50.67,117,23.9,21.2,27.19,1
2026-04-13 15:00,B1,2,205.08,1252.5,106.34,39.19,59.55,145,32.5,22.5,36.91,1
2026-04-13 18:00,B1,2,226.38,1342.1,127.39,40.13,58.86,156,35.3,21.3,40.75,1
2026-04-14 00:00,B2,4,56.47,89.5,27.87,7.89,20.71,9,26.4,22.6,6.21,0
2026-04-14 08:00,B2,2,155.22,1148.6,71.99,38.02,45.21,132,24.7,22.0,17.07,0
2026-04-14 16:00,B2,2,149.89,1152.5,59.08,37.3,53.51,132,21.5,21.6,26.98,1
2026-04-15 00:00,B3,4,56.2,131.0,26.29,8.81,21.1,11,26.3,22.8,6.18,0
2026-04-15 03:00,B3,1,96.13,25.4,66.54,6.39,23.2,1,33.1,21.2,10.57,0
2026-04-15 06:00,B1,5,80.31,840.0,39.34,18.3,22.67,15,26.2,21.2,8.83,0
2026-04-15 12:00,B1,5,221.67,1411.2,116.0,40.99,64.68,163,32.6,22.7,39.9,1
2026-04-15 18:00,B2,3,180.58,962.5,98.39,33.38,48.81,111,32.3,21.2,32.5,1
2026-04-15 21:00,B3,1,40.26,152.5,15.0,7.28,17.98,15,19.7,21.9,4.43,0
2026-04-16 03:00,B3,1,92.1,83.8,58.16,8.65,25.29,7,34.1,23.3,10.13,0
2026-04-16 06:00,B3,3,91.39,24.7,60.24,18.7,12.45,1,34.2,22.4,10.05,0
2026-04-16 14:00,B1,3,298.58,1432.5,195.12,42.93,60.53,166,20.9,21.6,53.74,1
2026-04-16 20:00,B1,1,68.73,124.1,27.15,19.34,22.24,10,25.9,23.1,7.56,0
2026-04-17 02:00,B2,4,47.43,114.6,15.0,8.84,23.59,12,22.1,22.4,5.22,0
2026-04-17 06:00,B3,1,46.94,44.2,15.0,17.55,14.39,4,19.5,21.4,5.16,0
2026-04-17 12:00,B2,1,124.25,1007.2,46.57,35.09,42.59,117,20.4,21.5,22.36,1
2026-04-17 18:00,B2,1,113.19,612.3,42.6,28.18,42.41,70,23.3,22.0,20.37,1
2026-04-18 02:00,B1,2,42.37,101.0,15.0,7.65,19.72,9,22.8,21.7,4.66,0
2026-04-18 08:00,B1,4,77.91,103.2,41.55,17.22,19.14,8,28.7,21.5,8.57,0
2026-04-18 14:00,B2,3,78.22,250.9,35.64,20.16,22.42,25,25.8,23.1,8.6,0
2026-04-18 20:00,B1,4,123.19,233.8,80.31,21.48,21.4,25,35.4,21.7,13.55,0
2026-04-19 04:00,B2,1,102.8,218.8,74.35,10.6,17.85,22,34.8,21.5,11.31,0
2026-04-19 08:00,B2,3,110.69,170.6,71.13,19.12,20.44,18,33.0,21.2,12.18,0
2026-04-19 16:00,B2,1,83.95,226.3,33.26,20.97,29.72,23,26.1,22.5,9.23,0
2026-04-19 22:00,B3,5,89.18,97.4,39.79,30.77,18.62,8,28.7,23.3,9.81,0
2026-04-20 04:00,B2,1,46.01,87.2,15.0,7.22,23.79,7,18.2,21.6,5.06,0
2026-04-20 10:00,B1,4,81.87,614.4,21.21,29.32,31.34,70,19.9,22.0,9.01,0
2026-04-20 14:00,B3,4,172.78,1326.3,79.12,39.76,53.9,152,24.3,21.2,31.1,1
2026-04-20 20:00,B3,1,88.97,82.3,52.21,18.71,18.05,7,30.2,21.4,9.79,0
2026-04-21 04:00,B3,2,41.21,129.8,15.0,8.64,17.57,12,21.4,22.6,4.53,0
2026-04-21 08:00,B1,3,137.4,599.0,72.82,28.6,35.98,68,31.5,23.0,15.11,0
2026-04-21 11:00,B2,4,163.61,1176.6,78.54,37.58,47.49,136,27.5,22.6,18.0,0
2026-04-21 15:00,B3,3,202.16,1256.5,111.44,38.25,52.47,146,34.5,22.5,36.39,1
2026-04-21 23:00,B2,5,47.56,80.4,15.0,7.36,25.2,5,20.5,22.0,5.23,0
2026-04-22 03:00,B2,3,52.57,143.5,15.0,9.7,27.87,14,20.5,21.8,5.78,0
2026-04-22 11:00,B3,5,267.31,1049.5,86.96,36.82,143.53,122,29.8,22.0,29.4,0
2026-04-22 17:00,B1,5,149.78,1135.4,59.53,38.1,52.15,132,23.2,23.0,26.96,1
2026-04-22 23:00,B3,1,90.7,83.5,60.2,6.21,24.29,6,31.7,22.1,9.98,0
2026-04-23 02:00,B2,3,57.9,135.3,24.4,7.45,26.05,14,24.3,23.0,6.37,0
2026-04-23 08:00,B3,5,147.51,681.6,75.8,29.99,41.72,77,29.4,21.4,16.23,0
2026-04-23 12:00,B2,3,184.94,1450.6,76.04,44.05,64.85,169,23.2,21.7,33.29,1
2026-04-23 20:00,B1,3,106.75,66.8,64.25,18.73,23.77,4,33.6,21.3,11.74,0
2026-04-24 04:00,B1,5,79.46,114.8,44.32,8.7,26.44,12,29.4,22.6,8.74,0
2026-04-24 10:00,B3,3,163.37,1170.9,69.92,38.42,55.03,134,26.2,22.2,17.97,0
2026-04-24 16:00,B1,5,178.55,1422.6,72.97,41.56,64.02,165,25.2,23.4,32.14,1
2026-04-25 00:00,B2,1,44.44,185.2,15.0,10.64,18.8,19,18.8,22.6,4.89,0
2026-04-25 08:00,B1,2,100.28,140.4,64.93,19.03,16.32,13,33.9,21.8,11.03,0
2026-04-25 11:00,B2,3,92.07,177.3,54.75,20.81,16.51,18,31.1,22.9,10.13,0
2026-04-25 15:00,B3,4,49.19,80.1,15.0,18.47,15.72,8,18.2,22.7,5.41,0
2026-04-25 18:00,B1,3,70.52,184.3,31.73,20.81,17.98,17,24.6,21.7,7.76,0
2026-04-25 21:00,B3,2,72.95,235.8,35.18,11.51,26.26,25,25.9,22.8,8.02,0
2026-04-26 00:00,B1,1,72.37,165.5,44.15,8.12,20.1,18,28.6,22.0,7.96,0
2026-04-26 06:00,B3,1,97.97,140.8,60.1,19.92,17.95,14,33.3,22.6,10.78,0
2026-04-26 10:00,B2,4,55.43,224.8,15.0,22.27,18.16,24,20.0,22.2,6.1,0
2026-04-26 18:00,B3,4,68.62,182.0,30.09,21.31,17.22,20,24.6,22.7,7.55,0
2026-04-26 21:00,B1,4,72.17,207.7,40.27,9.42,22.48,21,27.1,22.6,7.94,0
2026-04-27 01:00,B2,1,46.81,78.6,22.69,6.37,17.75,6,23.6,22.3,5.15,0
2026-04-27 04:00,B2,4,65.47,36.9,43.79,7.92,13.76,1,31.1,23.1,7.2,0
2026-04-27 08:00,B1,1,141.27,714.7,73.51,29.04,38.72,80,30.7,22.8,15.54,0
2026-04-27 14:00,B1,3,215.05,1499.4,111.09,44.67,59.29,175,31.2,21.3,38.71,1
2026-04-27 17:00,B2,4,197.29,1449.6,97.27,42.45,57.57,169,27.2,21.1,35.51,1
2026-04-27 20:00,B1,5,49.4,20.0,15.0,17.42,16.98,0,18.0,23.1,5.43,0
2026-04-27 23:00,B3,4,41.08,110.1,15.0,6.73,19.35,10,22.0,21.6,4.52,0
2026-04-28 03:00,B1,5,100.28,36.3,69.82,7.9,22.56,2,35.7,23.4,11.03,0
2026-04-28 11:00,B1,3,115.82,872.2,43.1,31.43,41.29,98,21.6,22.4,12.74,0
2026-04-28 15:00,B3,5,139.88,539.1,80.77,25.07,34.04,60,31.7,21.6,25.18,1
2026-04-28 18:00,B2,1,207.07,1326.1,110.27,39.41,57.39,154,31.7,21.9,37.27,1
2026-04-28 21:00,B1,3,50.99,123.0,15.0,8.07,27.92,13,19.7,23.3,5.61,0
2026-04-29 01:00,B3,4,41.38,146.0,15.0,7.34,19.04,13,19.3,22.4,4.55,0
2026-04-29 09:00,B3,3,113.61,599.8,47.59,26.76,39.26,69,23.7,21.7,12.5,0
2026-04-29 17:00,B2,3,171.45,1356.6,75.88,40.62,54.95,158,25.3,22.3,30.86,1
2026-04-29 23:00,B3,5,50.72,106.9,15.0,8.63,27.09,10,18.7,23.1,5.58,0
2026-04-30 05:00,B2,2,40.48,132.1,15.0,8.75,16.73,14,18.6,22.0,4.45,0
2026-04-30 08:00,B1,1,144.4,684.1,75.88,28.6,39.92,76,32.9,23.5,15.88,0
2026-04-30 14:00,B1,1,220.89,1241.9,123.93,37.69,59.27,142,35.9,21.5,39.76,1
2026-04-30 17:00,B2,1,164.16,1425.3,63.69,42.24,58.23,165,21.0,22.4,29.55,1
2026-04-30 21:00,B2,3,67.4,83.9,34.62,7.55,25.23,7,26.0,21.4,7.41,0
2026-05-01 05:00,B1,4,47.54,99.2,15.0,8.46,24.08,7,21.6,23.2,5.23,0
2026-05-01 11:00,B2,5,186.43,1141.6,102.12,36.97,47.34,132,32.1,21.9,20.51,0
2026-05-01 17:00,B1,4,139.03,774.5,66.59,29.65,42.79,89,27.5,22.9,25.03,1
2026-05-01 20:00,B1,5,101.73,110.6,64.1,20.62,17.01,11,33.2,23.0,11.19,0
2026-05-02 02:00,B3,1,88.63,235.1,58.29,10.14,20.2,23,30.7,21.9,9.75,0
2026-05-02 10:00,B3,3,52.9,61.0,15.0,17.56,20.34,6,21.2,21.1,5.82,0
2026-05-02 14:00,B1,3,88.65,141.7,45.05,18.69,24.91,15,30.9,23.3,9.75,0
2026-05-02 20:00,B1,3,89.94,210.2,50.06,20.36,19.52,23,30.7,22.7,9.89,0
2026-05-03 04:00,B3,3,49.93,219.3,15.0,9.27,25.66,24,21.1,23.4,5.49,0
2026-05-03 10:00,B1,2,104.35,206.5,51.62,22.43,30.3,23,31.1,23.4,11.48,0
2026-05-03 14:00,B3,5,62.48,142.5,15.0,18.96,28.52,15,19.9,22.2,6.87,0
2026-05-03 17:00,B3,3,79.56,133.6,35.48,18.85,25.23,12,26.0,21.7,8.75,0
2026-05-04 01:00,B3,4,102.9,162.4,73.97,8.3,20.63,15,35.4,23.2,11.32,0
2026-05-04 05:00,B1,4,37.74,96.8,15.0,7.13,15.61,9,19.3,23.1,4.15,0
2026-05-04 09:00,B3,1,124.9,634.6,53.93,29.61,41.36,71,27.8,23.2,13.74,0
2026-05-04 13:00,B3,4,113.42,768.8,42.59,30.13,40.7,86,20.8,21.3,20.42,1
2026-05-04 19:00,B2,2,55.64,146.3,15.0,19.33,21.31,15,19.7,22.0,6.12,0
2026-05-05 03:00,B1,1,38.52,110.0,15.0,7.77,15.75,9,18.5,21.4,4.24,0
2026-05-05 09:00,B1,5,136.4,942.0,60.44,33.54,42.42,108,25.0,21.9,15.0,0
2026-05-05 15:00,B3,1,86.93,651.1,22.06,27.83,37.04,72,20.7,22.7,15.65,1
2026-05-05 18:00,B2,5,189.04,1464.0,88.26,43.22,57.56,170,25.5,22.3,34.03,1
2026-05-05 21:00,B3,5,81.12,73.5,58.0,7.87,15.25,4,34.2,23.0,8.92,0
2026-05-06 01:00,B1,1,47.61,138.4,21.02,9.42,17.17,13,25.6,23.5,5.24,0
2026-05-06 04:00,B1,4,61.31,99.0,38.2,8.95,14.16,8,28.0,22.4,6.74,0
2026-05-06 12:00,B1,4,148.27,1165.9,51.83,38.92,57.52,134,20.7,22.4,26.69,1
2026-05-06 18:00,B3,3,201.88,1233.8,114.36,39.28,48.24,143,33.8,21.7,36.34,1
2026-05-07 02:00,B1,4,87.56,80.7,62.84,7.48,17.24,7,34.0,21.8,9.63,0
2026-05-07 08:00,B2,3,194.04,1288.7,102.88,40.66,50.5,147,33.2,23.1,21.34,0
2026-05-07 14:00,B2,4,168.86,1018.8,82.36,35.87,50.63,116,28.9,21.2,30.39,1
2026-05-07 17:00,B3,2,115.39,954.4,29.01,35.2,51.18,111,19.2,22.8,20.77,1
2026-05-07 21:00,B1,2,47.93,118.7,15.0,7.47,25.46,11,18.6,21.1,5.27,0
2026-05-08 00:00,B3,1,47.84,139.5,15.0,9.71,23.13,14,22.4,22.2,5.26,0
2026-05-08 06:00,B3,1,55.37,59.1,20.24,19.09,16.04,5,23.1,22.0,6.09,0
2026-05-08 10:00,B2,4,179.46,1358.2,85.12,41.12,53.22,158,27.2,23.2,19.74,0
2026-05-08 14:00,B2,5,206.24,1295.5,112.08,39.77,54.39,150,32.5,21.8,37.12,1
2026-05-08 22:00,B2,5,88.48,60.7,54.72,8.45,25.31,3,32.8,22.0,9.73,0
2026-05-09 04:00,B2,1,66.18,141.8,38.01,9.53,18.64,13,26.7,21.8,7.28,0
2026-05-09 10:00,B1,2,81.41,80.8,40.8,19.31,21.3,6,27.3,21.6,8.96,0
2026-05-09 13:00,B3,4,125.14,192.8,80.15,20.91,24.08,18,36.0,21.6,13.77,0
2026-05-09 19:00,B3,2,100.79,205.4,56.17,21.02,23.6,20,30.4,22.6,11.09,0
2026-05-09 23:00,B2,1,71.72,207.1,36.53,8.85,26.34,22,26.5,22.9,7.89,0
2026-05-10 05:00,B1,3,59.36,160.1,24.01,8.28,27.07,16,25.6,23.2,6.53,0
2026-05-10 08:00,B2,2,80.71,159.0,33.35,19.79,27.57,17,27.0,23.2,8.88,0
2026-05-10 14:00,B2,5,102.89,101.1,59.01,19.5,24.38,9,34.1,23.5,11.32,0
2026-05-10 18:00,B2,1,57.69,118.4,15.0,17.98,24.71,10,18.1,21.7,6.35,0
2026-05-11 02:00,B3,4,50.7,140.5,17.8,8.4,24.5,12,25.3,23.4,5.58,0
2026-05-11 06:00,B1,1,85.87,112.7,46.62,17.96,21.29,11,29.3,21.6,9.45,0
2026-05-11 09:00,B2,3,164.78,1099.8,70.38,37.71,56.69,127,26.2,22.3,18.13,0
2026-05-11 15:00,B1,2,271.54,959.8,97.14,33.32,141.08,111,35.1,23.3,48.88,1
2026-05-11 18:00,B2,3,197.29,1166.6,104.4,38.39,54.5,136,31.9,22.6,35.51,1
2026-05-12 02:00,B2,4,35.78,56.6,15.0,7.66,13.12,4,20.2,21.6,3.94,0
2026-05-12 08:00,B3,5,207.69,1500.9,106.0,44.41,57.28,175,30.6,22.0,22.85,0
2026-05-12 12:00,B3,2,143.69,748.9,78.38,29.98,35.33,85,32.0,23.1,25.86,1
2026-05-12 20:00,B2,2,48.15,38.2,15.0,18.46,14.69,3,18.0,22.7,5.3,0
2026-05-12 23:00,B2,2,47.81,79.2,25.04,6.5,16.27,8,26.2,23.4,5.26,0
2026-05-13 05:00,B2,1,41.23,28.4,15.0,5.57,20.66,1,19.7,22.9,4.54,0
2026-05-13 11:00,B3,1,111.53,650.6,47.51,29.99,34.03,74,24.7,21.9,12.27,0
2026-05-13 19:00,B3,2,47.28,45.8,15.0,18.68,13.6,1,20.0,22.7,5.2,0
2026-05-14 03:00,B1,5,55.77,36.8,26.68,7.64,21.45,0,24.8,21.9,6.13,0
2026-05-14 11:00,B1,4,175.46,1248.5,79.34,39.56,56.56,143,25.9,21.2,19.3,0
2026-05-14 15:00,B3,3,164.12,1201.9,75.3,38.84,49.98,139,27.3,22.7,29.54,1
2026-05-14 23:00,B1,5,92.13,35.6,63.63,5.47,23.03,0,34.1,22.5,10.13,0
2026-05-15 02:00,B2,3,38.97,43.0,15.0,6.8,17.17,1,22.3,23.4,4.29,0
2026-05-15 10:00,B3,4,107.47,863.1,29.49,32.49,45.49,100,19.6,22.2,11.82,0
2026-05-15 13:00,B1,5,523.31,1509.0,416.76,42.57,63.98,173,35.3,22.6,94.2,1
2026-05-15 21:00,B2,5,89.47,110.2,57.86,6.99,24.62,11,31.8,22.5,9.84,0
2026-05-16 03:00,B3,5,61.84,107.3,28.72,8.97,24.15,10,24.7,21.3,6.8,0
2026-05-16 07:00,B1,1,117.61,194.2,77.05,19.42,21.14,19,34.7,22.0,12.94,0
2026-05-16 10:00,B2,4,88.22,103.1,47.04,17.36,23.82,9,29.9,23.4,9.7,0
2026-05-16 18:00,B3,2,91.59,96.2,50.14,19.32,22.13,9,30.5,21.4,10.07,0
2026-05-17 02:00,B3,2,43.37,150.0,15.0,7.5,20.87,14,22.9,23.4,4.77,0
2026-05-17 08:00,B3,5,112.69,205.7,67.18,19.9,25.61,22,33.5,22.8,12.4,0
2026-05-17 12:00,B3,2,80.74,155.0,37.15,20.53,23.06,15,27.1,22.7,8.88,0
2026-05-17 20:00,B3,5,46.97,72.6,15.0,16.83,15.14,5,23.1,23.1,5.17,0
2026-05-18 00:00,B2,3,41.88,100.1,15.0,7.97,18.91,9,20.6,21.2,4.61,0
2026-05-18 04:00,B3,5,52.93,99.0,27.23,6.49,19.21,9,25.0,22.3,5.82,0
2026-05-18 10:00,B3,1,138.98,1198.3,47.04,39.43,52.51,139,18.2,21.6,15.29,0
2026-05-18 16:00,B3,5,203.93,1322.5,111.94,39.68,52.31,152,31.3,21.5,36.71,1
2026-05-18 20:00,B3,5,54.18,85.7,15.0,17.59,21.59,8,20.1,21.1,5.96,0
2026-05-19 00:00,B1,2,94.94,110.0,67.96,8.07,18.91,9,34.7,22.5,10.44,0
2026-05-19 04:00,B1,5,42.95,147.0,15.0,8.16,19.79,13,19.2,22.3,4.72,0
2026-05-19 10:00,B2,3,139.96,1109.0,49.7,36.73,53.53,127,21.9,22.9,15.4,0
2026-05-19 16:00,B2,2,204.42,1202.9,109.19,36.97,58.26,139,34.3,22.5,36.8,1
2026-05-19 19:00,B2,3,81.25,112.4,40.99,19.18,21.08,11,27.7,21.7,8.94,0
2026-05-20 01:00,B3,1,98.73,20.0,72.92,5.63,20.18,0,35.1,21.4,10.86,0
2026-05-20 04:00,B1,5,94.4,125.1,59.67,9.77,24.96,13,32.9,23.2,10.38,0
2026-05-20 10:00,B1,1,102.81,799.8,33.33,31.52,37.96,92,19.3,21.4,11.31,0
2026-05-20 18:00,B2,3,112.24,1120.4,30.06,37.36,44.82,128,18.3,22.7,20.2,1
2026-05-20 21:00,B2,5,48.49,97.9,15.0,7.19,26.3,9,19.9,23.0,5.33,0
2026-05-21 00:00,B2,2,73.7,131.0,45.52,9.35,18.83,12,27.6,21.3,8.11,0
2026-05-21 06:00,B1,5,97.92,46.9,60.75,17.94,19.23,1,33.7,21.4,10.77,0
2026-05-21 12:00,B1,4,155.02,678.8,84.31,28.36,42.35,78,34.3,23.1,27.9,1
2026-05-21 15:00,B3,4,189.94,1257.1,94.22,38.04,57.68,145,29.6,21.2,34.19,1
2026-05-21 19:00,B3,2,54.76,70.2,15.0,18.25,21.51,6,19.8,22.5,6.02,0
2026-05-22 01:00,B2,4,40.32,80.3,15.0,7.97,17.35,7,21.0,21.8,4.44,0
2026-05-22 07:00,B2,4,72.14,162.8,29.72,18.78,23.64,15,26.0,22.9,7.94,0
2026-05-22 11:00,B3,2,103.49,615.4,34.17,29.03,40.29,69,22.7,23.2,11.38,0
2026-05-22 19:00,B3,2,109.89,164.2,70.34,18.7,20.85,15,34.3,22.4,12.09,0
2026-05-23 01:00,B1,4,78.13,170.2,41.72,9.39,27.02,16,27.0,21.2,8.59,0
2026-05-23 05:00,B3,2,79.01,220.0,40.34,11.35,27.32,23,26.0,21.4,8.69,0
2026-05-23 09:00,B2,2,57.24,72.6,15.0,18.45,23.79,6,19.1,21.9,6.3,0
2026-05-23 12:00,B1,3,58.92,238.8,15.0,22.25,21.67,25,19.9,23.4,6.48,0
2026-05-23 20:00,B2,5,87.24,200.7,45.02,22.07,20.15,21,29.8,23.1,9.6,0
2026-05-24 02:00,B2,4,99.03,94.9,71.05,7.04,20.94,9,34.0,21.0,10.89,0
2026-05-24 06:00,B2,5,91.81,132.3,56.55,18.79,16.47,12,30.9,21.3,10.1,0
2026-05-24 10:00,B3,4,59.26,232.2,15.0,19.85,24.41,23,18.4,21.1,6.52,0
2026-05-24 14:00,B2,2,92.58,230.1,43.28,22.09,27.21,23,27.3,22.0,10.18,0
2026-05-24 18:00,B2,5,102.93,112.5,67.84,18.73,16.36,10,35.9,23.2,11.32,0
2026-05-25 00:00,B1,3,82.82,33.1,62.45,6.46,13.91,2,34.6,22.5,9.11,0
2026-05-25 08:00,B1,5,140.79,1205.6,48.05,39.33,53.41,138,19.7,22.2,15.49,0
2026-05-25 12:00,B3,5,209.45,1387.7,111.09,41.14,57.22,159,32.9,23.2,37.7,1
2026-05-25 20:00,B1,4,96.12,62.8,56.2,17.21,22.71,3,32.2,22.0,10.57,0
2026-05-26 04:00,B2,2,32.44,29.6,15.0,5.35,12.09,0,18.1,22.9,3.57,0
2026-05-26 10:00,B2,3,134.21,1160.0,44.54,38.66,51.01,134,19.9,22.1,14.76,0
2026-05-26 18:00,B1,4,127.91,716.2,62.15,29.96,35.8,82,27.9,22.4,23.02,1
2026-05-27 02:00,B3,2,84.52,75.9,60.52,8.15,15.85,7,33.4,22.6,9.3,0
2026-05-27 08:00,B3,5,143.91,714.7,71.54,29.91,42.46,80,30.5,22.8,15.83,0
2026-05-27 16:00,B1,1,153.68,1192.9,56.93,37.7,59.05,137,22.7,21.9,27.66,1
2026-05-27 19:00,B1,4,70.49,107.5,29.9,19.7,20.89,9,25.9,21.5,7.75,0
2026-05-27 22:00,B2,2,69.2,38.9,44.47,7.64,17.09,2,29.8,23.4,7.61,0
2026-05-28 01:00,B3,1,93.56,132.4,66.77,9.1,17.69,11,34.5,22.4,10.29,0
2026-05-28 09:00,B3,1,102.42,634.0,39.29,28.46,34.67,73,22.7,22.0,11.27,0
2026-05-28 15:00,B3,5,133.59,956.8,50.23,34.51,48.85,108,22.5,22.1,24.05,1
2026-05-28 23:00,B3,1,72.07,118.9,38.49,9.78,23.8,12,26.7,21.6,7.93,0
2026-05-29 05:00,B3,5,45.73,79.8,15.0,7.25,23.48,7,18.2,23.1,5.03,0
2026-05-29 09:00,B2,3,125.06,814.7,45.13,32.34,47.59,94,24.4,23.2,13.76,0
2026-05-29 13:00,B3,2,167.14,755.9,98.0,31.26,37.88,85,33.7,21.5,30.09,1
2026-05-29 16:00,B3,4,174.15,1116.0,87.18,37.89,49.08,129,29.0,22.9,31.35,1
2026-05-29 22:00,B2,2,91.7,93.8,67.58,8.45,15.67,8,35.7,23.3,10.09,0
2026-05-30 01:00,B3,3,95.92,104.5,23.87,6.86,65.19,10,25.1,22.7,10.55,0
2026-05-30 04:00,B2,3,87.7,207.3,48.63,9.11,29.96,22,29.0,21.6,9.65,0
2026-05-30 12:00,B1,4,89.94,171.8,52.9,19.09,17.95,17,30.6,21.9,9.89,0
2026-05-30 15:00,B3,3,153.34,168.7,58.36,69.13,25.85,17,32.5,22.4,16.87,0
2026-05-30 21:00,B2,3,37.25,85.4,15.0,7.97,14.28,6,22.5,23.1,4.1,0
2026-05-31 00:00,B2,3,52.45,200.6,25.62,9.07,17.76,22,22.7,21.9,5.77,0
2026-05-31 04:00,B3,5,77.71,151.1,46.75,9.12,21.84,14,29.7,22.3,8.55,0
2026-05-31 12:00,B3,3,68.23,113.4,27.96,20.29,19.98,10,26.3,23.4,7.51,0
2026-05-31 15:00,B1,2,74.64,230.6,27.46,20.55,26.63,25,24.2,21.8,8.21,0
2026-05-31 21:00,B3,5,64.72,114.9,34.19,6.57,23.96,10,27.4,22.1,7.12,0
2026-06-01 00:00,B1,2,61.52,160.4,33.28,7.33,20.91,15,25.1,21.2,6.77,0
2026-06-01 06:00,B3,2,52.23,130.8,15.0,18.54,18.69,12,19.5,23.3,5.75,0
2026-06-01 10:00,B1,1,160.26,896.5,79.14,32.55,48.57,101,29.9,23.2,17.63,0
2026-06-01 14:00,B3,5,147.92,1219.2,55.64,39.63,52.65,140,21.2,22.5,26.63,1
2026-06-01 20:00,B2,5,52.19,86.5,15.86,18.13,18.2,9,22.1,21.2,5.74,0
2026-06-02 00:00,B2,3,111.34,150.4,44.02,8.68,58.64,15,26.4,21.0,12.25,0
2026-06-02 06:00,B1,4,100.26,80.9,62.18,19.26,18.82,7,33.9,22.1,11.03,0
2026-06-02 14:00,B3,2,169.68,1205.3,80.73,38.75,50.2,138,27.3,23.0,30.54,1
2026-06-02 22:00,B1,1,83.43,134.6,51.91,7.92,23.6,14,21.3,21.7,9.18,0
2026-06-03 01:00,B1,1,50.53,143.8,25.27,7.8,17.46,14,23.1,21.3,5.56,0
2026-06-03 07:00,B2,3,60.3,103.0,24.15,19.75,16.4,10,26.3,23.0,6.63,0
2026-06-03 15:00,B1,2,188.89,935.5,107.33,32.57,48.99,108,34.1,21.6,34.0,1
2026-06-03 23:00,B1,1,42.3,55.9,15.0,8.4,18.9,3,21.6,22.8,4.65,0
2026-06-04 05:00,B1,1,71.78,62.1,49.08,7.37,15.33,3,31.4,22.4,7.9,0
2026-06-04 09:00,B1,2,142.79,705.8,75.49,29.9,37.4,81,29.4,21.8,15.71,0
2026-06-04 17:00,B3,5,101.69,811.4,28.98,29.92,42.79,91,20.8,22.9,18.3,1
2026-06-04 20:00,B1,3,80.57,59.2,37.91,17.15,25.51,3,29.6,22.8,8.86,0
2026-06-05 04:00,B3,2,42.91,60.8,15.0,5.72,22.19,4,18.4,21.9,4.72,0
2026-06-05 12:00,B1,5,160.56,1336.3,60.98,41.55,58.03,153,21.4,21.9,28.9,1
2026-06-05 16:00,B2,3,174.7,6445.8,92.66,35.61,46.43,118,32.7,22.4,31.45,1
2026-06-05 20:00,B2,1,89.65,116.6,44.85,19.85,24.95,12,29.8,22.3,9.86,0
2026-06-06 04:00,B3,3,39.93,70.4,15.0,8.86,16.07,7,20.0,22.3,4.39,0
2026-06-06 08:00,B1,1,82.09,191.0,40.66,21.1,20.33,20,28.3,23.1,9.03,0
2026-06-06 11:00,B1,2,78.79,91.8,41.38,18.97,18.44,7,29.8,23.3,8.67,0
2026-06-06 17:00,B3,1,98.3,67.5,64.39,19.4,14.51,6,32.8,21.7,10.81,0
2026-06-06 20:00,B3,2,96.8,205.3,46.37,20.86,29.57,21,27.6,21.5,10.65,0
2026-06-06 23:00,B3,5,57.53,175.0,30.48,8.2,18.85,18,24.4,22.1,6.33,0
2026-06-07 03:00,B3,5,71.17,149.9,34.2,10.24,26.73,15,26.0,21.9,7.83,0
2026-06-07 09:00,B3,2,101.72,210.4,51.66,20.06,30.0,22,28.1,21.5,11.19,0
2026-06-07 12:00,B2,5,54.34,138.4,15.0,21.05,18.29,14,18.3,21.3,5.98,0
2026-06-07 18:00,B3,5,65.25,94.4,30.24,18.73,16.28,9,28.0,23.3,7.18,0
2026-06-07 22:00,B1,3,93.39,164.2,67.94,8.2,17.25,17,32.6,21.2,10.27,0
2026-06-08 06:00,B3,5,99.71,109.9,60.72,19.78,19.21,9,32.8,21.2,10.97,0
2026-06-08 12:00,B2,4,192.58,1491.4,82.9,43.89,65.79,171,25.5,23.2,34.66,1
2026-06-08 20:00,B1,3,68.55,64.2,34.87,18.69,14.99,4,27.4,21.8,7.54,0
2026-06-09 04:00,B3,5,66.17,100.8,40.76,6.79,18.62,9,27.1,21.6,7.28,0
2026-06-09 12:00,B2,1,167.67,1291.1,72.4,38.75,56.52,149,25.2,22.1,30.18,1
2026-06-09 16:00,B3,5,169.7,811.2,98.77,31.98,38.95,91,35.9,22.3,30.55,1
2026-06-10 00:00,B2,3,46.01,34.6,23.95,5.51,16.55,0,24.3,21.8,5.06,0
2026-06-10 04:00,B2,1,93.62,125.7,68.91,8.84,15.87,11,34.6,21.6,10.3,0
2026-06-10 08:00,B2,1,119.94,867.6,49.55,30.92,39.47,99,24.2,23.0,13.19,0
2026-06-10 14:00,B3,4,274.25,1287.9,89.44,38.26,146.55,148,29.2,23.5,49.36,1
2026-06-10 18:00,B3,5,175.93,1565.6,71.23,44.17,60.53,180,22.9,22.2,31.67,1
2026-06-10 21:00,B1,3,97.31,96.6,66.75,7.58,22.98,7,33.6,22.6,10.7,0
2026-06-11 00:00,B1,2,51.18,24.7,27.45,7.77,15.96,0,27.0,22.1,5.63,0
2026-06-11 03:00,B2,3,61.12,104.7,27.62,8.08,25.42,8,24.4,21.8,6.72,0
2026-06-11 06:00,B3,3,54.7,140.8,16.67,18.06,19.97,12,22.1,21.9,6.02,0
2026-06-11 10:00,B2,2,152.29,857.7,76.65,31.84,43.8,99,28.3,22.1,16.75,0
2026-06-11 14:00,B1,3,214.43,1510.4,100.35,45.39,68.69,176,30.4,23.2,38.6,1
2026-06-11 18:00,B2,1,116.2,648.4,53.79,29.77,32.64,75,28.0,23.4,20.92,1
2026-06-12 02:00,B2,3,43.94,78.8,21.47,6.76,15.71,8,26.0,23.3,4.83,0
2026-06-12 08:00,B3,5,145.9,780.8,72.27,30.43,43.2,89,29.0,22.5,16.05,0
2026-06-12 16:00,B3,3,122.23,7213.0,45.23,34.58,42.42,120,21.3,22.0,22.0,1
2026-06-12 20:00,B3,2,104.66,142.7,65.37,19.57,19.72,14,31.6,21.2,11.51,0
2026-06-13 04:00,B1,5,88.85,153.6,55.59,10.07,23.19,15,31.2,22.0,9.77,0
2026-06-13 07:00,B3,1,108.37,90.5,29.38,58.5,20.49,6,26.1,23.1,11.92,0
2026-06-13 10:00,B1,3,69.5,130.6,26.66,19.37,23.47,14,25.9,23.2,7.65,0
2026-06-13 14:00,B2,4,58.86,99.1,15.0,20.31,23.55,10,19.6,22.3,6.47,0
2026-06-13 22:00,B1,2,57.06,123.0,31.18,6.92,18.96,11,26.2,23.2,6.28,0
2026-06-14 02:00,B3,1,48.56,246.2,15.0,10.32,23.24,25,19.6,22.8,5.34,0
2026-06-14 06:00,B2,5,62.83,163.6,24.9,20.23,17.7,15,24.9,22.9,6.91,0
2026-06-14 09:00,B2,3,65.51,808.5,17.69,19.39,28.43,19,23.6,22.9,7.21,0
2026-06-14 17:00,B2,5,103.33,192.3,59.38,20.77,23.18,20,32.5,22.5,11.37,0
2026-06-14 20:00,B1,5,56.33,104.6,15.0,18.09,23.24,11,23.0,22.6,6.2,0
2026-06-15 02:00,B2,1,43.44,73.5,15.0,6.6,21.84,5,18.9,22.0,4.78,0
2026-06-15 06:00,B2,5,71.63,109.3,26.68,20.04,24.91,9,24.5,21.1,7.88,0
2026-06-15 09:00,B2,4,101.16,823.8,31.19,31.49,38.48,95,20.4,22.7,11.13,0
2026-06-15 12:00,B2,5,166.04,843.3,93.72,32.94,39.38,96,34.8,23.5,29.89,1
2026-06-15 16:00,B3,5,157.09,1076.8,71.43,34.99,50.67,123,26.9,22.8,28.28,1
2026-06-15 19:00,B1,1,69.18,71.0,30.4,19.9,18.88,6,26.4,23.0,7.61,0
2026-06-15 23:00,B1,2,71.91,27.2,48.38,6.82,16.71,2,30.4,21.6,7.91,0
2026-06-16 05:00,B2,5,78.18,66.9,44.69,8.25,25.24,5,29.1,21.1,8.6,0
2026-06-16 08:00,B3,2,199.3,1513.4,93.0,44.79,61.51,174,26.7,22.6,21.92,0
2026-06-16 11:00,B3,3,170.89,1147.5,80.96,36.27,53.66,131,28.2,22.7,18.8,0
2026-06-16 17:00,B1,2,138.77,939.7,57.62,34.73,46.42,108,23.0,21.1,24.98,1
2026-06-16 23:00,B3,3,76.0,55.5,51.62,6.01,18.37,2,30.8,21.7,8.36,0
2026-06-17 05:00,B1,1,53.48,75.5,32.43,7.23,13.82,6,24.7,21.1,5.88,0
2026-06-17 09:00,B2,4,199.16,1391.0,103.97,42.16,53.03,159,31.2,22.3,21.91,0
2026-06-17 13:00,B1,1,145.91,1106.4,66.01,35.83,44.07,126,26.3,22.8,26.26,1
2026-06-17 19:00,B2,1,57.19,92.8,15.0,19.63,22.56,9,19.9,22.9,6.29,0
2026-06-18 01:00,B2,5,36.14,64.2,15.98,5.92,14.24,3,23.7,22.1,3.98,0
2026-06-18 04:00,B1,5,55.55,49.1,27.08,8.01,20.46,4,24.3,21.8,6.11,0
2026-06-18 10:00,B3,4,162.12,1510.3,63.1,42.57,56.45,175,18.9,21.1,17.83,0
2026-06-18 18:00,B3,3,159.98,1321.2,68.13,41.08,50.77,151,23.6,23.0,28.8,1
2026-06-18 22:00,B1,4,42.31,155.9,15.0,9.94,17.37,14,19.8,21.8,4.65,0
2026-06-19 04:00,B2,2,75.85,105.5,48.58,6.59,20.68,10,30.6,22.7,8.34,0
2026-06-19 08:00,B2,3,129.54,647.2,68.81,29.09,31.64,73,28.9,21.3,14.25,0
2026-06-19 14:00,B3,4,160.84,1193.5,70.49,37.33,53.02,139,25.2,22.0,28.95,1
2026-06-19 22:00,B2,5,84.7,90.9,53.28,8.06,23.36,7,32.2,22.4,9.32,0
2026-06-20 01:00,B3,5,59.33,174.8,30.96,10.72,17.65,19,26.3,22.4,6.53,0
2026-06-20 09:00,B2,4,167.62,122.6,54.82,20.31,92.49,11,29.6,21.2,18.44,0
2026-06-20 17:00,B3,3,61.54,127.3,22.61,20.28,18.65,11,25.0,22.4,6.77,0
2026-06-21 01:00,B3,3,112.58,222.8,83.11,9.81,19.66,24,35.8,22.5,12.38,0
2026-06-21 04:00,B1,5,100.05,140.8,67.61,7.81,24.63,14,32.8,21.9,11.01,0
2026-06-21 12:00,B2,4,70.16,122.7,32.6,18.06,19.5,10,25.8,21.5,7.72,0
2026-06-21 16:00,B2,2,56.2,81.7,15.0,19.4,21.8,5,20.4,21.2,6.18,0
2026-06-21 20:00,B3,4,114.43,226.7,69.05,21.47,23.91,24,33.5,23.2,12.59,0
2026-06-22 04:00,B2,2,45.23,149.8,15.0,7.96,22.27,15,21.3,22.5,4.98,0
2026-06-22 10:00,B1,1,122.53,660.9,61.0,29.99,31.54,74,28.2,22.8,13.48,0
2026-06-22 16:00,B2,5,82.12,633.6,15.2,28.54,38.38,71,19.4,23.2,14.78,1
2026-06-22 22:00,B3,1,88.33,155.8,63.69,6.54,18.1,0,34.3,22.3,9.72,0
2026-06-23 01:00,B3,5,71.38,79.5,47.56,7.62,16.2,8,31.5,22.8,7.85,0
2026-06-23 04:00,B2,4,40.63,85.7,15.0,8.05,17.58,8,19.5,22.3,4.47,0
2026-06-23 08:00,B3,2,141.51,731.0,72.31,30.4,38.8,82,29.9,21.9,15.57,0
2026-06-23 14:00,B1,2,201.4,1436.6,93.61,44.03,63.76,167,28.7,23.1,36.25,1
2026-06-23 18:00,B1,5,187.13,1230.9,99.19,39.76,48.18,142,31.2,21.9,33.68,1
2026-06-24 02:00,B3,5,48.55,112.4,15.0,7.24,26.31,12,22.2,22.7,5.34,0
2026-06-24 10:00,B2,3,145.61,587.8,85.42,27.34,32.85,65,35.3,22.7,16.02,0
2026-06-24 16:00,B2,3,163.45,1232.8,68.09,38.83,56.53,143,22.8,21.2,29.42,1
2026-06-24 20:00,B3,3,88.96,95.4,44.13,19.52,25.31,10,30.2,23.5,9.79,0
2026-06-24 23:00,B3,4,37.95,106.2,16.48,6.27,15.2,8,24.3,22.8,4.17,0
2026-06-25 03:00,B3,1,81.77,68.1,52.46,7.89,21.42,4,30.7,21.3,8.99,0
2026-06-25 06:00,B3,2,50.16,39.8,15.0,19.07,16.09,2,22.6,22.2,5.52,0
2026-06-25 12:00,B2,2,135.66,608.2,79.08,27.05,29.53,67,32.1,21.7,24.42,1
2026-06-25 20:00,B1,4,110.58,135.1,74.43,19.28,16.87,12,35.6,21.5,12.16,0
2026-06-25 23:00,B2,3,72.69,97.6,45.96,6.26,20.47,8,19.9,21.2,8.0,0
2026-06-26 05:00,B1,3,102.25,161.9,68.58,8.46,25.21,15,34.3,22.4,11.25,0
2026-06-26 09:00,B1,4,194.36,1048.5,103.46,35.76,55.14,121,35.2,23.0,21.38,0
2026-06-26 12:00,B3,1,129.14,904.9,48.6,32.83,47.71,103,24.6,23.1,23.25,1
2026-06-26 15:00,B2,2,102.54,649.5,43.16,28.03,31.35,73,23.4,22.0,18.46,1
2026-06-26 19:00,B1,2,53.02,78.7,15.0,17.24,20.78,7,18.5,23.5,5.83,0
2026-06-27 03:00,B1,1,50.05,76.7,21.51,6.54,22.0,6,24.1,21.8,5.51,0
2026-06-27 07:00,B3,5,60.99,105.1,17.54,17.41,26.04,9,22.2,21.2,6.71,0
2026-06-27 11:00,B1,2,79.2,102.5,39.81,17.71,21.68,8,29.4,23.3,8.71,0
2026-06-27 19:00,B3,5,62.3,175.1,15.0,21.21,26.09,18,22.0,23.0,6.85,0
2026-06-27 23:00,B2,2,86.4,142.5,52.73,8.07,25.6,15,31.8,22.5,9.5,0
2026-06-28 03:00,B2,2,103.9,82.7,76.91,8.1,18.89,8,34.7,21.1,11.43,0
2026-06-28 06:00,B1,1,67.56,246.3,19.69,20.6,27.27,25,21.2,21.2,7.43,0
2026-06-28 10:00,B1,2,90.8,180.9,46.09,19.22,25.49,18,29.5,22.3,9.99,0
2026-06-28 13:00,B3,3,74.43,130.6,25.97,20.76,27.7,12,24.3,21.0,8.19,0
2026-06-28 17:00,B2,2,62.43,91.8,21.75,20.26,20.42,9,23.0,21.5,6.87,0
2026-06-28 20:00,B1,3,63.48,140.6,20.92,20.92,21.64,15,23.1,22.1,6.98,0
2026-06-29 00:00,B1,1,64.78,75.5,38.96,7.83,17.99,7,26.7,21.3,7.13,0
2026-06-29 06:00,B1,1,67.6,134.6,30.4,19.08,18.12,13,23.9,21.2,7.44,0
2026-06-29 14:00,B1,2,179.07,947.3,103.58,33.72,41.77,109,34.7,22.1,32.23,1
2026-06-29 20:00,B1,1,86.25,66.8,49.81,18.0,18.44,4,30.5,21.1,9.49,0
2026-06-30 02:00,B3,2,79.38,64.9,55.73,7.41,16.24,5,32.2,22.6,8.73,0
2026-06-30 06:00,B3,4,106.4,137.9,68.21,18.69,19.5,13,33.1,21.7,11.7,0
2026-06-30 10:00,B3,1,157.17,1041.8,74.13,35.51,47.53,120,25.5,21.1,17.29,0
2026-06-30 13:00,B2,4,89.28,539.3,32.83,26.37,30.08,61,22.3,22.4,16.07,1
2026-06-30 16:00,B1,4,171.34,1026.6,93.58,35.94,41.82,118,30.0,21.4,30.84,1
2026-07-01 00:00,B1,3,84.97,20.0,42.85,18.51,23.61,0,29.3,22.8,9.35,0
2026-07-01 04:00,B3,1,68.66,20.0,43.8,7.88,16.98,1,29.2,21.8,7.55,0
2026-07-01 12:00,B3,1,164.44,1127.7,72.3,37.33,54.81,131,24.6,21.4,29.6,1
2026-07-01 15:00,B3,4,218.96,1470.3,112.24,42.28,64.44,171,31.3,22.9,39.41,1
2026-07-01 21:00,B3,4,55.15,117.6,21.47,8.15,25.53,11,23.0,21.2,6.07,0
2026-07-02 03:00,B2,5,37.72,38.7,16.13,7.95,13.64,2,24.6,22.7,4.15,0
2026-07-02 06:00,B1,2,61.99,138.2,15.0,18.86,28.13,15,23.0,22.7,6.82,0
2026-07-02 10:00,B2,3,106.54,544.0,42.22,25.49,38.83,62,25.6,22.8,11.72,0
2026-07-02 16:00,B2,5,129.7,885.0,52.41,33.15,44.14,101,24.2,22.6,23.35,1
2026-07-02 20:00,B2,2,101.59,114.1,66.26,19.96,15.37,11,32.2,21.6,11.17,0
2026-07-03 00:00,B3,2,85.83,57.1,56.09,7.83,21.91,5,30.8,21.7,9.44,0
2026-07-03 03:00,B2,5,44.77,81.8,15.0,7.87,21.9,5,20.3,21.7,4.92,0
2026-07-03 11:00,B3,2,116.04,559.2,59.45,26.95,29.64,63,27.6,21.3,12.76,0
2026-07-03 14:00,B3,5,225.85,1307.6,122.56,41.19,62.1,150,35.6,21.8,40.65,1
2026-07-03 18:00,B3,4,152.93,1047.7,68.95,34.57,49.41,121,24.1,21.3,27.53,1
2026-07-03 22:00,B2,3,63.5,69.3,15.0,22.84,25.66,6,19.7,21.1,6.99,0
2026-07-04 01:00,B3,4,52.61,225.9,17.17,8.77,26.67,24,21.5,21.8,5.79,0
2026-07-04 09:00,B2,4,70.21,152.5,27.18,19.74,23.29,16,24.7,21.7,7.72,0
2026-07-04 17:00,B2,3,62.3,180.9,15.0,19.94,27.36,18,20.9,22.8,6.85,0
2026-07-04 23:00,B2,5,118.1,232.9,86.31,8.72,23.07,23,35.8,21.2,12.99,0
2026-07-05 07:00,B3,5,102.42,119.7,63.17,18.37,20.88,10,31.6,21.3,11.27,0
2026-07-05 13:00,B2,5,91.17,71.6,51.94,17.65,21.58,5,31.3,21.6,10.03,0
2026-07-05 19:00,B2,2,69.88,141.1,28.38,20.09,21.41,12,26.9,22.7,7.69,0
2026-07-06 01:00,B3,4,72.79,715.9,42.49,9.7,20.6,15,28.2,23.2,8.01,0
2026-07-06 04:00,B1,3,54.35,130.9,26.68,7.47,20.2,11,26.3,22.7,5.98,0
2026-07-06 10:00,B2,5,142.79,746.6,79.41,29.15,34.23,84,29.5,21.2,15.71,0
2026-07-06 16:00,B3,3,126.8,911.4,43.96,33.64,49.2,106,22.9,22.7,22.82,1
2026-07-06 22:00,B2,4,45.52,59.4,15.0,6.96,23.56,3,24.1,23.3,5.01,0
2026-07-07 01:00,B2,4,99.12,54.9,75.03,7.04,17.05,4,34.5,21.3,10.9,0
2026-07-07 07:00,B1,3,56.82,78.7,15.0,19.13,22.69,7,18.5,23.0,6.25,0
2026-07-07 10:00,B2,1,139.58,1355.8,48.16,39.99,51.43,156,19.4,22.9,15.35,0
2026-07-07 18:00,B1,3,87.11,534.7,20.4,27.5,39.21,61,18.8,21.8,15.68,1
2026-07-07 22:00,B3,3,38.33,93.0,15.0,7.24,16.09,8,18.5,21.4,4.22,0
2026-07-08 02:00,B3,5,46.69,20.0,15.0,7.15,24.54,0,19.2,23.0,5.14,0
2026-07-08 05:00,B3,1,95.25,166.2,64.76,9.02,21.47,15,34.6,23.3,10.48,0
2026-07-08 11:00,B2,4,104.46,654.6,39.86,28.04,36.56,74,21.9,21.6,11.49,0
2026-07-08 17:00,B3,3,151.83,890.6,76.34,32.3,43.19,101,28.0,21.1,27.33,1
2026-07-09 01:00,B1,5,52.88,134.8,19.54,7.16,26.18,13,25.3,23.5,5.82,0
2026-07-09 05:00,B1,4,71.36,56.3,43.34,6.48,21.54,2,30.1,22.0,7.85,0
2026-07-09 09:00,B1,3,209.78,1178.7,123.14,37.61,49.03,136,35.6,21.8,23.08,0
2026-07-09 15:00,B3,4,137.23,967.1,61.38,34.18,41.67,111,24.4,22.7,24.7,1
2026-07-09 23:00,B2,2,76.6,36.3,49.43,7.94,19.23,3,29.3,21.3,8.43,0
2026-07-10 05:00,B1,3,74.07,41.0,48.31,6.86,18.9,2,29.2,21.2,8.15,0
2026-07-10 13:00,B2,5,179.49,1484.7,73.51,41.55,64.43,170,22.7,21.9,32.31,1
2026-07-10 16:00,B2,4,139.06,1036.4,54.76,34.23,50.07,118,23.7,21.9,25.03,1
2026-07-10 20:00,B2,4,57.09,154.1,15.0,19.96,22.13,15,20.4,22.8,6.28,0
2026-07-11 04:00,B2,5,94.01,174.8,63.53,9.32,21.16,17,33.4,22.3,10.34,0
2026-07-11 10:00,B2,1,51.98,172.7,15.0,20.63,16.35,16,18.5,21.1,5.72,0
2026-07-11 13:00,B2,3,115.83,78.8,76.26,17.64,21.93,6,35.9,22.0,12.74,0
2026-07-11 16:00,B2,1,66.03,152.9,24.57,20.22,21.24,15,24.1,21.0,7.26,0
2026-07-11 19:00,B3,4,76.64,169.2,39.6,19.52,17.52,17,28.6,23.5,8.43,0
2026-07-11 23:00,B2,4,66.87,143.6,30.37,8.15,28.35,15,27.0,22.9,7.36,0
2026-07-12 02:00,B3,2,63.06,208.3,26.52,9.13,27.41,23,23.2,21.1,6.94,0
2026-07-12 05:00,B3,3,55.72,208.0,19.35,8.78,27.59,21,22.9,22.4,6.13,0
2026-07-12 11:00,B2,5,127.01,125.9,23.0,19.31,84.7,13,23.6,22.0,13.97,0
2026-07-12 15:00,B3,4,75.3,235.8,22.83,22.32,30.15,24,22.8,22.6,8.28,0
2026-07-12 19:00,B2,4,61.2,156.3,15.19,19.33,26.68,14,20.7,21.4,6.73,0
2026-07-13 03:00,B2,3,70.14,76.9,47.51,6.39,16.24,7,29.6,21.6,7.72,0
2026-07-13 11:00,B2,5,228.52,1505.3,128.27,42.73,57.52,175,35.8,22.1,25.14,0
2026-07-13 15:00,B3,1,145.77,545.9,86.2,27.99,31.58,62,35.3,22.2,26.24,1
2026-07-13 23:00,B2,1,44.57,47.6,17.76,7.31,19.5,4,25.1,23.1,4.9,0
2026-07-14 05:00,B2,1,44.11,117.5,16.29,8.25,19.57,10,22.3,21.3,4.85,0
2026-07-14 13:00,B1,2,109.86,832.2,35.44,31.01,43.41,95,19.9,21.5,19.77,1
2026-07-14 16:00,B2,5,133.62,839.0,60.09,33.06,40.47,95,25.6,22.7,24.05,1
2026-07-14 19:00,B3,5,48.89,35.1,15.0,18.52,15.37,1,18.6,22.8,5.38,0
2026-07-15 01:00,B3,1,71.22,158.3,40.78,9.83,20.61,14,27.6,21.6,7.83,0
2026-07-15 04:00,B1,3,84.26,141.2,49.05,9.74,25.47,14,21.8,23.2,9.27,0
2026-07-15 12:00,B2,4,198.5,1000.0,111.72,35.56,51.22,114,34.7,21.8,35.73,1
2026-07-15 18:00,B2,5,153.19,887.7,84.03,31.23,37.93,101,31.1,22.4,27.57,1
2026-07-15 22:00,B1,4,42.83,50.0,15.0,6.05,21.78,2,21.6,21.8,4.71,0
2026-07-16 02:00,B3,4,91.9,155.3,66.24,7.65,18.01,15,32.3,21.8,10.11,0
2026-07-16 08:00,B1,1,372.23,1472.6,86.97,44.3,240.96,172,25.5,21.5,40.95,0
2026-07-16 16:00,B1,3,167.57,982.2,91.43,34.45,41.69,111,30.6,21.4,30.16,1
2026-07-16 19:00,B1,5,67.42,135.1,29.42,19.58,18.42,14,25.8,23.3,7.42,0
2026-07-17 01:00,B2,4,74.82,81.3,25.7,31.94,17.18,6,24.9,22.1,8.23,0
2026-07-17 04:00,B2,3,42.81,69.8,15.0,8.1,19.71,7,22.2,22.1,4.71,0
2026-07-17 10:00,B3,4,186.67,1301.7,95.93,40.29,50.45,150,30.4,22.8,20.53,0
2026-07-17 14:00,B2,3,220.01,1394.6,124.38,42.54,53.09,162,35.9,23.3,39.6,1
2026-07-17 20:00,B2,3,50.73,46.4,15.0,16.93,18.8,1,20.4,23.2,5.58,0
2026-07-18 00:00,B1,3,73.86,146.7,49.87,7.08,16.91,13,30.8,22.1,8.12,0
2026-07-18 06:00,B2,3,108.07,142.6,71.42,19.26,17.39,13,34.3,21.7,11.89,0
2026-07-18 10:00,B3,4,51.34,126.0,15.0,19.21,17.13,12,19.0,21.4,5.65,0
2026-07-18 18:00,B1,4,69.48,184.4,23.78,19.34,26.36,20,24.4,22.8,7.64,0
2026-07-18 22:00,B2,2,125.84,150.4,60.63,8.94,56.27,13,33.0,22.9,13.84,0
2026-07-19 01:00,B1,4,64.62,63.7,41.09,8.69,14.84,5,30.2,23.2,7.11,0
2026-07-19 04:00,B2,2,50.59,180.2,15.0,10.87,24.72,20,18.5,22.2,5.56,0
2026-07-19 12:00,B2,5,65.06,238.9,15.0,22.14,27.92,25,20.3,23.2,7.16,0
2026-07-19 15:00,B2,3,54.48,177.9,15.0,21.11,18.37,17,21.2,23.4,5.99,0
2026-07-19 19:00,B1,3,80.17,131.9,40.09,19.91,20.17,14,26.8,22.1,8.82,0
2026-07-19 23:00,B2,4,103.66,216.5,71.7,8.72,23.24,23,33.9,22.2,11.4,0
2026-07-20 07:00,B1,1,76.07,85.3,31.03,19.19,25.85,7,27.2,23.4,8.37,0
2026-07-20 10:00,B2,4,150.3,1047.5,62.05,37.1,51.15,121,25.9,23.3,16.53,0
2026-07-20 18:00,B2,5,83.43,576.4,22.53,27.28,33.62,65,18.9,21.2,15.02,1
2026-07-21 00:00,B2,3,52.65,20.0,31.34,6.98,14.33,0,28.5,22.9,5.79,0
2026-07-21 03:00,B2,3,56.16,155.1,20.19,7.9,28.07,14,23.7,22.8,6.18,0
2026-07-21 07:00,B1,5,49.74,125.7,15.0,17.97,16.77,13,22.7,22.7,5.47,0
2026-07-21 15:00,B3,5,217.43,1424.7,113.99,41.68,61.76,164,31.1,21.8,39.14,1
2026-07-21 21:00,B1,2,32.91,24.4,15.0,5.56,12.35,0,20.4,21.5,3.62,0
2026-07-22 01:00,B2,5,40.38,156.1,15.0,8.37,17.01,14,21.4,21.8,4.44,0
2026-07-22 09:00,B2,4,186.32,785.0,22.21,118.52,45.59,91,18.4,22.1,20.5,0
2026-07-22 17:00,B3,5,142.34,856.2,67.67,31.75,42.92,97,28.7,22.4,25.62,1
2026-07-23 01:00,B1,1,68.56,121.7,38.33,7.3,22.93,10,27.5,22.1,7.54,0
2026-07-23 07:00,B2,4,53.31,78.6,15.0,18.21,20.1,6,18.4,21.7,5.86,0
2026-07-23 15:00,B1,3,178.15,994.4,93.38,34.97,49.8,113,31.0,22.0,32.07,1
2026-07-23 19:00,B3,2,57.47,140.5,15.0,18.85,23.62,15,23.1,22.9,6.32,0
2026-07-24 03:00,B2,2,41.58,20.0,15.0,5.78,20.8,0,21.8,21.1,4.57,0
2026-07-24 06:00,B1,3,70.1,59.0,26.52,17.91,25.67,3,25.8,22.5,7.71,0
2026-07-24 12:00,B1,5,133.22,596.2,71.57,27.21,34.44,66,28.9,21.3,23.98,1
2026-07-24 15:00,B3,5,205.21,1416.0,107.52,42.27,55.42,165,32.1,23.4,36.94,1
2026-07-24 21:00,B1,3,84.39,147.5,52.68,7.55,24.16,15,30.7,22.9,9.28,0
2026-07-25 01:00,B2,4,91.64,191.2,64.01,9.52,18.11,20,31.8,21.0,10.08,0
2026-07-25 07:00,B3,2,56.18,190.5,15.0,19.11,22.07,18,20.7,22.9,6.18,0
2026-07-25 13:00,B1,4,60.73,218.0,19.99,19.4,21.34,21,20.6,21.0,6.68,0
2026-07-25 16:00,B2,1,94.84,225.3,46.48,21.34,27.02,23,29.9,22.6,10.43,0
2026-07-25 22:00,B2,4,95.08,153.8,67.07,8.04,19.97,14,33.9,22.8,10.46,0
2026-07-26 02:00,B3,4,72.59,207.4,39.19,10.15,23.25,22,26.0,21.5,7.98,0
2026-07-26 10:00,B1,3,53.66,184.3,15.0,20.77,17.89,17,19.5,22.3,5.9,0
2026-07-26 13:00,B3,5,71.44,240.3,23.0,19.83,28.61,25,23.6,21.9,7.86,0
2026-07-26 19:00,B3,4,118.55,64.7,80.77,17.68,20.1,6,35.8,21.3,13.04,0
2026-07-26 22:00,B2,3,91.21,154.5,52.93,9.67,28.61,15,28.3,21.0,10.03,0
2026-07-27 02:00,B2,3,38.38,53.8,15.0,7.16,16.22,4,23.1,23.0,4.22,0
2026-07-27 08:00,B2,1,122.81,976.3,38.27,32.99,51.55,112,20.6,22.1,13.51,0
2026-07-27 14:00,B3,5,176.07,1374.2,77.2,40.64,58.23,159,25.2,22.4,31.69,1
2026-07-27 22:00,B3,4,95.1,59.4,62.55,6.97,25.58,4,32.8,21.4,10.46,0
2026-07-28 02:00,B2,4,47.84,106.8,15.0,7.01,25.83,11,18.6,21.4,5.26,0
2026-07-28 08:00,B1,5,123.08,923.8,40.53,33.51,49.04,107,20.8,21.9,13.54,0
2026-07-28 11:00,B2,3,122.09,1048.3,42.77,35.94,43.38,122,21.9,23.0,13.43,0
2026-07-28 17:00,B3,4,185.97,1034.2,105.74,36.5,43.73,120,34.2,23.0,33.47,1
2026-07-29 01:00,B3,4,40.12,34.0,15.0,7.29,17.83,2,20.7,22.8,4.41,0
2026-07-29 04:00,B3,4,83.59,73.7,52.52,7.47,23.6,5,31.2,22.6,9.19,0
2026-07-29 07:00,B3,5,119.52,33.6,15.0,17.72,86.8,1,19.5,23.4,13.15,0
2026-07-29 13:00,B1,2,357.27,1161.1,265.36,38.52,53.39,134,32.9,23.1,64.31,1
2026-07-29 17:00,B2,1,165.54,800.6,90.76,32.74,42.04,92,33.5,21.8,29.8,1
2026-07-29 20:00,B1,3,97.02,20.3,67.29,17.13,12.6,1,35.1,22.7,10.67,0
2026-07-30 02:00,B1,4,89.5,42.6,62.82,6.17,20.51,3,34.1,21.6,9.85,0
2026-07-30 10:00,B1,3,159.0,989.4,77.87,32.89,48.24,112,19.1,22.2,17.49,0
2026-07-30 14:00,B2,5,166.4,1224.7,77.8,39.5,49.1,141,25.3,21.2,29.95,1
2026-07-30 18:00,B3,4,151.98,571.2,85.81,27.14,39.03,65,35.3,22.4,27.36,1
2026-07-30 21:00,B1,4,52.14,137.2,25.04,9.33,17.77,12,22.9,21.6,5.74,0
2026-07-31 01:00,B3,5,78.25,142.0,44.53,9.29,24.43,12,28.1,21.8,8.61,0
2026-07-31 05:00,B3,5,108.29,103.2,75.15,9.44,23.7,10,35.2,21.8,11.91,0
2026-07-31 11:00,B2,2,227.96,555.3,162.77,25.7,39.49,62,26.3,22.5,25.08,0
2026-07-31 19:00,B3,4,95.48,40.4,53.39,18.98,23.11,2,31.7,22.3,10.5,0
2026-08-01 03:00,B3,3,39.17,52.8,16.55,6.86,15.76,5,25.0,23.1,4.31,0
2026-08-01 09:00,B3,3,58.2,237.3,15.0,21.9,21.3,25,21.4,23.0,6.4,0
2026-08-01 15:00,B2,5,67.07,237.3,19.06,22.36,25.65,25,21.8,21.5,7.38,0
2026-08-01 19:00,B1,5,62.22,142.4,15.0,20.52,26.7,13,20.3,21.2,6.84,0
2026-08-01 22:00,B3,5,75.1,191.0,40.47,9.13,25.5,19,29.1,22.7,8.26,0
2026-08-02 04:00,B2,4,44.23,193.1,17.51,9.4,17.32,19,22.9,22.7,4.87,0
2026-08-02 12:00,B3,4,54.77,159.6,18.72,19.97,16.08,15,23.7,22.0,6.02,0
2026-08-02 20:00,B1,2,52.33,93.7,15.0,17.34,19.99,7,21.5,21.8,5.76,0
2026-08-03 02:00,B2,2,45.22,102.1,15.0,8.96,21.26,10,19.9,21.6,4.97,0
2026-08-03 10:00,B1,4,137.52,600.3,70.02,27.18,40.32,67,28.4,21.2,15.13,0
2026-08-03 13:00,B2,1,89.47,613.5,33.42,26.37,29.68,68,23.4,22.6,16.1,1
2026-08-03 21:00,B1,5,195.31,147.6,158.88,9.49,26.94,14,32.2,22.6,21.48,0
2026-08-04 03:00,B3,2,47.08,30.8,15.0,7.82,24.26,2,19.9,21.0,5.18,0
2026-08-04 09:00,B2,4,144.47,801.0,78.28,29.78,36.41,91,31.0,22.1,15.89,0
2026-08-04 15:00,B2,5,151.29,702.1,86.5,29.51,35.28,78,33.9,22.9,27.23,1
2026-08-04 19:00,B1,2,59.16,45.8,27.57,16.74,14.85,1,27.1,23.1,6.51,0
2026-08-05 01:00,B1,4,75.58,104.0,48.52,8.2,18.86,10,30.5,23.5,8.31,0
2026-08-05 04:00,B2,1,54.55,83.9,30.58,7.45,16.52,7,26.9,23.3,6.0,0
2026-08-05 10:00,B3,4,83.14,523.5,30.53,25.22,27.39,60,21.7,21.5,9.15,0
2026-08-05 14:00,B3,5,142.19,553.4,85.29,26.3,30.6,63,34.4,21.9,25.59,1
2026-08-05 18:00,B1,2,149.13,1525.6,46.46,44.89,57.78,176,18.4,23.1,26.84,1
2026-08-06 00:00,B1,3,71.73,133.4,34.81,9.47,27.45,11,26.2,21.9,7.89,0
2026-08-06 03:00,B1,2,91.12,79.0,65.72,7.03,18.37,6,33.9,21.3,10.02,0
2026-08-06 07:00,B1,5,74.07,110.4,40.8,18.33,14.94,9,28.6,23.1,8.15,0
2026-08-06 15:00,B1,1,189.4,1202.4,94.9,38.23,56.27,138,32.1,23.0,34.09,1
2026-08-06 23:00,B3,4,42.97,149.5,15.0,8.73,19.24,15,21.2,22.8,4.73,0
2026-08-07 02:00,B1,2,97.68,86.6,65.41,6.97,25.3,7,34.1,22.1,10.74,0
2026-08-07 08:00,B2,5,103.54,848.5,28.1,31.6,43.84,97,19.5,22.9,11.39,0
2026-08-07 16:00,B2,4,149.45,1062.5,68.77,35.6,45.08,123,25.8,21.9,26.9,1
2026-08-07 22:00,B1,3,112.04,29.1,62.61,8.08,41.35,2,33.2,22.3,12.32,0
2026-08-08 04:00,B2,3,75.51,146.1,49.71,8.76,17.04,13,31.4,22.9,8.31,0
2026-08-08 10:00,B1,3,72.93,154.9,25.81,21.02,26.1,17,23.1,21.9,8.02,0
2026-08-08 14:00,B2,2,59.94,194.1,15.0,20.76,24.18,20,22.1,22.9,6.59,0
2026-08-08 20:00,B1,3,107.16,174.2,63.35,20.05,23.76,18,33.2,22.1,11.79,0
2026-08-09 00:00,B2,1,67.37,158.1,33.8,8.66,24.91,16,27.0,22.6,7.41,0
2026-08-09 06:00,B2,5,53.75,105.4,15.0,20.21,18.54,9,18.4,23.0,5.91,0
2026-08-09 14:00,B2,2,117.91,168.0,75.38,18.88,23.65,17,35.1,21.2,12.97,0
2026-08-09 17:00,B1,1,96.5,242.9,57.44,20.16,18.9,24,30.1,21.4,10.62,0
2026-08-09 21:00,B2,5,53.21,200.2,15.0,9.13,29.08,21,19.3,21.1,5.85,0
2026-08-10 01:00,B3,4,58.34,82.3,32.7,6.52,19.12,6,26.6,21.2,6.42,0
2026-08-10 07:00,B3,2,69.13,102.7,29.17,20.17,19.79,8,27.0,22.7,7.6,0
2026-08-10 11:00,B3,3,177.83,1032.4,101.33,33.82,42.68,118,34.4,23.2,19.56,0
2026-08-10 17:00,B3,3,181.75,1460.0,74.1,41.95,65.7,168,25.0,23.1,32.71,1
2026-08-10 21:00,B3,5,38.57,37.3,15.0,7.76,15.81,1,19.7,22.7,4.24,0
2026-08-11 00:00,B3,2,91.6,58.5,71.8,5.68,14.12,3,34.4,22.0,10.08,0
2026-08-11 08:00,B1,3,95.51,556.9,30.48,27.53,37.5,63,21.7,21.1,10.51,0
2026-08-11 12:00,B2,1,161.21,1528.3,54.36,44.56,62.29,177,18.2,21.3,29.02,1
2026-08-11 16:00,B3,4,158.57,1434.8,53.36,43.57,61.64,167,20.5,23.1,28.54,1
2026-08-12 00:00,B1,1,74.37,79.0,50.28,7.27,16.82,8,30.1,21.0,8.18,0
2026-08-12 04:00,B2,1,75.21,35.6,55.41,6.37,13.43,3,33.1,23.0,8.27,0
2026-08-12 08:00,B1,3,149.12,542.8,88.97,28.27,31.88,62,34.4,21.5,16.4,0