asset_id,asset_name,asset_type,building_id,floor,installation_date,operating_hours,temperature,vibration,pressure,energy_consumption,last_maintenance_date,maintenance_count,failure_count,current_status,health_score,next_maintenance_due
GEN-B12001,Generator #001,Generator,B1,2,2024-03-02,14821,60.5,4.05,55.0,73.1,2026-04-14,17,0,Critical,46.9,2026-08-04
GEN-B13002,Generator #002,Generator,B1,3,2021-03-01,14377,36.3,1.0,52.5,21.2,2026-05-12,21,2,Good,76.0,2026-09-03
GEN-B23003,Generator #003,Generator,B2,3,2023-08-04,6818,51.6,1.85,52.8,44.1,2026-06-05,9,0,Good,83.1,2026-11-06
PUMP-B34004,Water Pump #004,Water Pump,B3,4,2019-06-01,15909,36.6,1.66,57.8,19.7,2026-05-25,13,4,Warning,63.2,2026-08-05
GEN-B34005,Generator #005,Generator,B3,4,2020-10-03,3163,36.0,1.28,52.3,19.9,2026-06-20,5,2,Good,86.9,2026-12-24
PUMP-B13006,Water Pump #006,Water Pump,B1,3,2021-11-26,2497,87.3,6.53,19.8,113.3,2026-03-08,17,8,Critical,5.0,2026-08-09
HVAC-B32007,HVAC Unit #007,HVAC Unit,B3,2,2024-12-24,8489,38.4,1.4,42.1,40.7,2026-01-07,20,6,Warning,61.7,2026-08-11
AHU-B12008,Air Handling Unit #008,Air Handling Unit,B1,2,2019-03-19,7896,46.5,1.16,53.5,20.1,2026-02-20,8,4,Good,70.7,2026-10-10
ELEV-B34009,Elevator #009,Elevator,B3,4,2024-04-09,16967,35.4,1.39,50.1,36.3,2026-07-05,3,2,Good,73.5,2026-12-01
CTWR-B21010,Cooling Tower #010,Cooling Tower,B2,1,2021-10-18,6206,39.6,1.15,46.5,30.6,2026-04-03,18,5,Warning,69.0,2026-09-03
COMP-B12011,Compressor #011,Compressor,B1,2,2020-01-01,17606,40.3,1.31,53.9,24.7,2026-03-21,12,3,Warning,67.9,2026-08-07
HVAC-B14012,HVAC Unit #012,HVAC Unit,B1,4,2023-03-07,15496,67.3,3.82,49.5,66.0,2026-06-02,9,6,Critical,10.7,2026-09-15
CTWR-B32013,Cooling Tower #013,Cooling Tower,B3,2,2020-08-02,13042,45.9,1.76,46.2,27.0,2026-06-05,21,5,Warning,59.1,2026-09-04
AHU-B11014,Air Handling Unit #014,Air Handling Unit,B1,1,2019-11-23,13794,50.0,1.53,45.0,26.0,2026-07-14,13,5,Warning,55.8,2026-09-12
ELEV-B35015,Elevator #015,Elevator,B3,5,2024-07-19,11291,67.4,2.98,55.4,68.5,2026-03-27,14,6,Critical,21.8,2026-08-05
GEN-B34016,Generator #016,Generator,B3,4,2024-05-01,6718,47.5,1.35,48.7,21.5,2026-04-06,16,0,Healthy,90.7,2026-10-12
AHU-B32017,Air Handling Unit #017,Air Handling Unit,B3,2,2020-08-06,17669,36.3,0.96,54.0,38.7,2026-02-09,4,3,Warning,67.8,2026-09-08
CHILL-B32018,Chiller #018,Chiller,B3,2,2019-05-03,13577,32.6,1.02,49.8,37.1,2026-01-02,4,2,Good,76.8,2026-11-25
HVAC-B35019,HVAC Unit #019,HVAC Unit,B3,5,2019-02-07,18315,51.7,1.97,56.9,27.6,2026-03-20,1,3,Warning,55.8,2026-09-06
PUMP-B33020,Water Pump #020,Water Pump,B3,3,2021-04-12,14257,39.1,1.19,43.6,27.1,2026-06-13,13,4,Warning,66.1,2026-08-01
CHILL-B33021,Chiller #021,Chiller,B3,3,2024-04-12,16008,41.5,1.34,45.0,44.5,2026-07-11,20,5,Warning,59.4,2026-08-11
PUMP-B13022,Water Pump #022,Water Pump,B1,3,2024-08-08,17077,33.6,1.37,56.9,42.7,2026-06-28,13,5,Warning,58.4,2026-08-12
CTWR-B25023,Cooling Tower #023,Cooling Tower,B2,5,2020-12-05,18241,63.6,3.06,61.9,54.7,2026-06-18,19,6,Critical,18.5,2026-09-03
COMP-B14024,Compressor #024,Compressor,B1,4,2024-09-08,9174,45.2,0.76,49.0,35.6,2026-02-11,7,1,Good,85.9,2026-12-25
ELEV-B13025,Elevator #025,Elevator,B1,3,2024-08-22,5233,86.9,7.46,76.9,90.6,2026-05-25,22,2,Critical,19.9,2026-08-11
PUMP-B24026,Water Pump #026,Water Pump,B2,4,2024-11-26,15518,37.8,0.8,47.4,31.5,2026-02-24,8,1,Good,79.9,2026-09-19
PUMP-B13027,Water Pump #027,Water Pump,B1,3,2022-10-24,1255,35.8,1.3,48.8,37.5,2026-07-22,10,0,Healthy,98.8,2026-10-17
GEN-B14028,Generator #028,Generator,B1,4,2019-09-28,16293,60.0,3.24,57.2,50.3,2026-03-05,11,1,Critical,47.9,2026-08-10
PUMP-B25029,Water Pump #029,Water Pump,B2,5,2024-02-09,16872,37.8,2.34,42.9,38.7,2026-02-27,21,6,Critical,46.4,2026-08-14
GEN-B31030,Generator #030,Generator,B3,1,2020-08-24,14038,49.0,2.38,50.8,23.1,2026-06-16,10,6,Critical,44.5,2026-09-13
CTWR-B21031,Cooling Tower #031,Cooling Tower,B2,1,2023-12-10,10452,61.7,3.06,60.1,62.8,2026-07-02,7,5,Critical,33.2,2026-09-08
AHU-B32032,Air Handling Unit #032,Air Handling Unit,B3,2,2022-12-16,10738,47.0,1.92,42.1,36.0,2026-05-04,5,1,Good,78.8,2026-10-13
CTWR-B32033,Cooling Tower #033,Cooling Tower,B3,2,2019-02-12,16727,42.3,1.21,48.9,16.9,2026-06-13,6,0,Good,83.7,2026-10-02
CHILL-B14034,Chiller #034,Chiller,B1,4,2022-05-23,6852,45.8,2.03,52.5,37.7,2026-07-27,21,5,Warning,62.9,2026-09-05
COMP-B21035,Compressor #035,Compressor,B2,1,2019-02-03,5199,42.2,0.64,51.2,30.9,2026-03-23,16,5,Warning,69.9,2026-08-13
AHU-B24036,Air Handling Unit #036,Air Handling Unit,B2,4,2024-12-14,10976,33.3,2.24,54.7,18.1,2026-07-23,19,1,Good,78.0,2026-09-13
COMP-B15037,Compressor #037,Compressor,B1,5,2023-09-23,5266,58.1,4.0,37.2,62.1,2026-07-11,7,5,Critical,34.2,2026-08-01
AHU-B32038,Air Handling Unit #038,Air Handling Unit,B3,2,2024-03-03,9613,84.1,6.87,58.3,94.6,2026-01-08,2,3,Critical,10.6,2026-09-01
ELEV-B35039,Elevator #039,Elevator,B3,5,2022-03-19,17270,71.9,4.01,50.4,65.9,2026-06-27,11,4,Critical,12.3,2026-08-04
HVAC-B12040,HVAC Unit #040,HVAC Unit,B1,2,2021-04-05,8279,46.6,1.36,50.8,20.6,2026-06-06,19,2,Good,80.2,2026-12-15
CHILL-B24041,Chiller #041,Chiller,B2,4,2024-03-18,7876,51.9,1.85,45.1,24.3,2026-06-21,3,5,Warning,56.8,2026-08-07
AHU-B24042,Air Handling Unit #042,Air Handling Unit,B2,4,2022-01-20,9310,34.2,1.59,43.1,33.1,2026-03-11,3,2,Good,80.2,2026-11-05
GEN-B21043,Generator #043,Generator,B2,1,2019-07-08,13607,76.9,8.55,40.7,112.1,2026-01-17,4,8,Critical,5.0,2026-09-12
ELEV-B33044,Elevator #044,Elevator,B3,3,2023-02-02,6795,38.9,1.93,57.5,29.5,2026-05-28,11,6,Warning,59.7,2026-09-08
AHU-B21045,Air Handling Unit #045,Air Handling Unit,B2,1,2024-09-23,6295,43.4,1.08,56.7,33.1,2026-03-23,22,1,Healthy,88.9,2026-10-22
CTWR-B34046,Cooling Tower #046,Cooling Tower,B3,4,2020-08-12,16557,40.6,2.3,56.1,38.9,2026-03-21,17,2,Warning,67.1,2026-08-05
CTWR-B21047,Cooling Tower #047,Cooling Tower,B2,1,2024-02-03,9065,33.7,1.11,56.9,38.7,2026-01-14,3,1,Good,86.2,2026-10-16
COMP-B35048,Compressor #048,Compressor,B3,5,2024-02-13,1655,67.7,4.23,58.1,67.7,2026-02-24,20,1,Critical,45.2,2026-08-10
COMP-B15049,Compressor #049,Compressor,B1,5,2020-03-03,13227,33.0,1.49,44.7,44.0,2026-03-22,5,4,Warning,67.1,2026-08-14
CHILL-B23050,Chiller #050,Chiller,B2,3,2022-05-09,8181,39.9,2.26,56.9,43.7,2026-05-27,1,5,Warning,60.6,2026-08-15
COMP-B34051,Compressor #051,Compressor,B3,4,2019-06-01,16284,32.1,2.2,45.0,23.7,2026-01-14,11,2,Warning,68.2,2026-09-04
CHILL-B35052,Chiller #052,Chiller,B3,5,2020-07-04,17171,37.0,1.45,48.0,24.0,2026-02-18,1,1,Good,78.3,2026-11-04
COMP-B34053,Compressor #053,Compressor,B3,4,2020-03-12,15420,67.1,3.02,41.4,49.9,2026-04-24,1,2,Critical,37.8,2026-09-15
HVAC-B12054,HVAC Unit #054,HVAC Unit,B1,2,2022-11-09,5092,48.0,1.89,47.2,37.2,2026-04-17,14,3,Good,73.4,2026-12-05
CHILL-B11055,Chiller #055,Chiller,B1,1,2020-03-12,17584,33.0,2.09,48.9,31.7,2026-01-14,1,6,Critical,47.9,2026-09-05
ELEV-B21056,Elevator #056,Elevator,B2,1,2022-04-20,6196,47.3,2.16,57.9,20.2,2026-07-14,17,1,Good,80.8,2026-10-16
CHILL-B35057,Chiller #057,Chiller,B3,5,2023-03-07,6073,32.8,2.38,56.9,26.1,2026-05-07,8,0,Good,86.6,2026-09-28
HVAC-B24058,HVAC Unit #058,HVAC Unit,B2,4,2023-05-23,8783,33.2,1.37,42.8,15.6,2026-03-09,8,2,Good,81.5,2026-11-23
CTWR-B13059,Cooling Tower #059,Cooling Tower,B1,3,2019-03-02,1217,36.2,1.45,56.5,15.3,2026-02-09,2,5,Good,73.8,2026-12-12
PUMP-B21060,Water Pump #060,Water Pump,B2,1,2019-11-01,5469,39.2,2.0,50.5,24.3,2026-06-09,11,2,Good,80.4,2026-10-19
CTWR-B11061,Cooling Tower #061,Cooling Tower,B1,1,2020-11-24,5143,92.4,8.96,32.3,95.6,2026-01-18,2,5,Critical,5.0,2026-09-05
COMP-B15062,Compressor #062,Compressor,B1,5,2024-03-02,5388,37.1,2.18,55.7,41.9,2026-03-12,7,3,Good,74.0,2026-12-21
CHILL-B21063,Chiller #063,Chiller,B2,1,2022-07-17,17710,45.9,0.83,42.7,30.7,2026-07-23,1,1,Good,76.8,2026-10-24
CTWR-B25064,Cooling Tower #064,Cooling Tower,B2,5,2023-02-06,15544,39.8,1.69,45.3,12.1,2026-05-07,17,3,Warning,68.3,2026-08-15
COMP-B35065,Compressor #065,Compressor,B3,5,2021-05-28,8419,34.4,1.0,50.5,21.6,2026-06-05,10,5,Warning,66.8,2026-09-15
AHU-B21066,Air Handling Unit #066,Air Handling Unit,B2,1,2024-04-27,8080,38.9,1.69,47.9,14.7,2026-06-18,18,0,Healthy,90.5,2026-11-24
AHU-B25067,Air Handling Unit #067,Air Handling Unit,B2,5,2021-06-02,1541,37.6,1.06,42.3,33.7,2026-07-25,12,1,Healthy,93.5,2026-09-24
CTWR-B33068,Cooling Tower #068,Cooling Tower,B3,3,2024-11-20,7955,36.1,1.73,55.7,25.1,2026-04-08,15,1,Good,85.3,2026-12-12
AHU-B21069,Air Handling Unit #069,Air Handling Unit,B2,1,2022-03-15,7262,50.9,0.92,46.5,22.2,2026-02-27,6,1,Good,81.4,2026-12-22
GEN-B12070,Generator #070,Generator,B1,2,2019-07-08,16110,42.5,1.91,54.9,31.9,2026-04-13,21,3,Warning,65.8,2026-08-02
HVAC-B31071,HVAC Unit #071,HVAC Unit,B3,1,2020-04-25,3939,86.2,8.85,18.7,110.8,2026-06-27,9,4,Critical,11.2,2026-09-14
CHILL-B12072,Chiller #072,Chiller,B1,2,2022-10-15,6545,36.9,1.58,46.3,29.9,2026-01-27,10,2,Good,83.0,2026-09-04
ELEV-B15073,Elevator #073,Elevator,B1,5,2022-03-01,8550,34.9,1.78,45.6,41.0,2026-04-22,1,1,Good,84.3,2026-09-16
AHU-B12074,Air Handling Unit #074,Air Handling Unit,B1,2,2019-05-12,3699,50.5,2.26,56.3,31.9,2026-02-14,20,2,Good,73.9,2026-11-20
AHU-B34075,Air Handling Unit #075,Air Handling Unit,B3,4,2020-11-22,11081,49.5,1.09,50.0,24.2,2026-03-26,20,6,Warning,54.3,2026-08-13
HVAC-B12076,HVAC Unit #076,HVAC Unit,B1,2,2021-03-13,15837,43.6,2.33,46.5,15.0,2026-02-06,16,6,Critical,47.5,2026-09-06
PUMP-B24077,Water Pump #077,Water Pump,B2,4,2022-12-14,12126,93.3,6.96,58.7,99.7,2026-05-18,5,8,Critical,5.0,2026-08-07
CHILL-B34078,Chiller #078,Chiller,B3,4,2023-10-25,8387,36.1,2.13,47.8,27.6,2026-02-04,3,1,Good,81.5,2026-09-12
PUMP-B13079,Water Pump #079,Water Pump,B1,3,2022-03-27,14997,55.9,3.08,68.5,66.4,2026-04-24,8,1,Warning,55.0,2026-08-12
CTWR-B21080,Cooling Tower #080,Cooling Tower,B2,1,2024-02-22,3617,35.2,0.86,44.3,20.1,2026-01-19,16,6,Warning,66.5,2026-09-03
AHU-B22081,Air Handling Unit #081,Air Handling Unit,B2,2,2024-09-23,11014,40.9,1.76,42.2,15.7,2026-01-21,16,3,Good,72.1,2026-09-20
AHU-B32082,Air Handling Unit #082,Air Handling Unit,B3,2,2019-07-27,15081,48.6,2.25,50.0,35.4,2026-04-06,22,3,Warning,60.0,2026-09-02
CTWR-B12083,Cooling Tower #083,Cooling Tower,B1,2,2022-10-02,8373,71.6,4.01,33.1,66.1,2026-04-11,13,1,Critical,36.3,2026-09-14
CTWR-B11084,Cooling Tower #084,Cooling Tower,B1,1,2021-11-14,7580,39.3,2.0,47.4,19.9,2026-02-18,9,0,Healthy,88.4,2026-09-03
GEN-B31085,Generator #085,Generator,B3,1,2021-04-18,7810,33.7,1.63,42.7,44.6,2026-04-02,21,0,Healthy,91.3,2026-09-11
CHILL-B21086,Chiller #086,Chiller,B2,1,2021-05-13,17591,46.5,2.35,53.2,15.2,2026-04-24,7,2,Warning,64.0,2026-08-09
AHU-B15087,Air Handling Unit #087,Air Handling Unit,B1,5,2022-08-19,2425,41.3,2.19,43.5,35.7,2026-02-26,10,1,Good,86.8,2026-10-25
AHU-B35088,Air Handling Unit #088,Air Handling Unit,B3,5,2024-10-21,18347,60.8,3.52,64.2,58.5,2026-06-25,11,3,Critical,32.6,2026-09-04
GEN-B35089,Generator #089,Generator,B3,5,2019-03-19,17502,47.3,1.16,55.9,38.3,2026-01-16,4,6,Warning,50.4,2026-08-08
PUMP-B13090,Water Pump #090,Water Pump,B1,3,2020-02-09,13105,46.2,1.43,57.8,44.3,2026-07-15,12,0,Good,85.9,2026-10-04
COMP-B13091,Compressor #091,Compressor,B1,3,2021-07-14,5426,44.5,1.16,43.3,25.6,2026-04-09,15,2,Good,84.7,2026-09-20
HVAC-B32092,HVAC Unit #092,HVAC Unit,B3,2,2024-09-01,6264,43.4,2.14,45.6,40.8,2026-06-03,4,2,Good,78.5,2026-11-15
COMP-B35093,Compressor #093,Compressor,B3,5,2022-02-03,7107,36.0,1.19,47.1,44.9,2026-04-07,4,3,Good,78.1,2026-12-04
ELEV-B21094,Elevator #094,Elevator,B2,1,2023-03-16,5968,32.6,1.68,48.1,42.9,2026-03-26,21,1,Good,87.7,2026-12-16
GEN-B12095,Generator #095,Generator,B1,2,2019-11-14,10042,34.8,1.09,43.3,40.8,2026-04-28,9,5,Warning,65.2,2026-09-09
GEN-B33096,Generator #096,Generator,B3,3,2020-01-03,15242,36.0,2.3,49.7,29.7,2026-07-06,11,6,Critical,48.4,2026-09-06
CTWR-B15097,Cooling Tower #097,Cooling Tower,B1,5,2023-04-03,5938,93.7,8.62,72.5,89.9,2026-04-05,11,6,Critical,5.0,2026-09-14
PUMP-B14098,Water Pump #098,Water Pump,B1,4,2021-09-24,1320,65.8,4.08,53.1,47.1,2026-06-07,15,6,Critical,23.9,2026-09-12
AHU-B34099,Air Handling Unit #099,Air Handling Unit,B3,4,2020-06-07,7463,81.1,6.87,40.3,89.5,2026-06-16,22,5,Critical,5.0,2026-09-07
CTWR-B23100,Cooling Tower #100,Cooling Tower,B2,3,2023-07-17,12204,39.5,1.59,44.6,26.4,2026-03-28,4,1,Good,82.4,2026-12-21
ELEV-B35101,Elevator #101,Elevator,B3,5,2019-02-26,4601,50.6,0.79,54.0,32.6,2026-05-04,3,5,Warning,64.4,2026-09-09
HVAC-B33102,HVAC Unit #102,HVAC Unit,B3,3,2022-04-08,16097,49.1,2.31,47.6,38.2,2026-04-14,18,3,Warning,57.9,2026-09-01
PUMP-B15103,Water Pump #103,Water Pump,B1,5,2021-05-22,9867,70.5,4.15,30.2,72.4,2026-01-01,10,6,Critical,9.8,2026-08-03
PUMP-B35104,Water Pump #104,Water Pump,B3,5,2021-06-06,15290,77.2,8.16,79.3,111.3,2026-04-05,8,7,Critical,5.0,2026-09-12
AHU-B23105,Air Handling Unit #105,Air Handling Unit,B2,3,2023-03-14,8768,63.6,4.06,61.4,70.4,2026-06-09,4,5,Critical,24.2,2026-08-06
GEN-B11106,Generator #106,Generator,B1,1,2019-07-01,6215,50.4,0.74,48.1,36.5,2026-02-15,1,4,Warning,68.0,2026-09-03
GEN-B32107,Generator #107,Generator,B3,2,2021-04-18,9236,33.0,0.75,44.3,12.8,2026-05-28,13,6,Warning,61.0,2026-08-02
COMP-B31108,Compressor #108,Compressor,B3,1,2019-03-10,9785,48.9,2.24,45.3,15.3,2026-07-01,6,0,Good,79.9,2026-12-03
COMP-B31109,Compressor #109,Compressor,B3,1,2020-11-14,13496,68.7,3.16,30.4,51.2,2026-05-21,11,5,Critical,21.7,2026-08-02
PUMP-B24110,Water Pump #110,Water Pump,B2,4,2023-10-18,1364,50.5,0.95,42.5,12.8,2026-05-25,6,4,Good,72.6,2026-10-07
PUMP-B12111,Water Pump #111,Water Pump,B1,2,2019-06-05,8401,34.5,1.09,45.2,15.0,2026-06-18,3,5,Warning,66.8,2026-09-08
COMP-B25112,Compressor #112,Compressor,B2,5,2022-04-09,6867,67.2,4.72,34.1,69.0,2026-05-10,7,5,Critical,16.5,2026-08-13
GEN-B34113,Generator #113,Generator,B3,4,2022-08-14,10102,39.7,0.96,47.6,41.6,2026-07-03,11,4,Good,70.2,2026-12-06
HVAC-B33114,HVAC Unit #114,HVAC Unit,B3,3,2023-07-10,12742,48.2,1.37,45.0,20.1,2026-02-22,13,0,Good,84.1,2026-11-12
AHU-B21115,Air Handling Unit #115,Air Handling Unit,B2,1,2019-06-23,1557,47.9,2.22,51.0,24.7,2026-05-07,11,1,Good,84.2,2026-10-04
ELEV-B35116,Elevator #116,Elevator,B3,5,2024-02-19,15019,48.3,0.96,42.8,28.3,2026-01-09,22,6,Warning,51.8,2026-09-02
CHILL-B22117,Chiller #117,Chiller,B2,2,2023-06-19,13745,32.4,2.01,51.2,12.2,2026-04-10,8,4,Warning,62.3,2026-08-14
CTWR-B15118,Cooling Tower #118,Cooling Tower,B1,5,2023-01-11,1733,48.1,1.9,46.4,36.9,2026-04-03,3,3,Good,76.5,2026-11-16
HVAC-B23119,HVAC Unit #119,HVAC Unit,B2,3,2024-08-16,5178,36.5,2.09,44.2,44.8,2026-07-23,12,4,Warning,69.9,2026-09-04
AHU-B12120,Air Handling Unit #120,Air Handling Unit,B1,2,2024-06-27,1361,55.7,2.9,42.2,53.6,2026-06-20,2,2,Warning,65.0,2026-09-05
AHU-B15121,Air Handling Unit #121,Air Handling Unit,B1,5,2022-02-05,11663,49.0,2.21,52.2,34.1,2026-05-17,5,6,Critical,48.2,2026-08-10
COMP-B34122,Compressor #122,Compressor,B3,4,2021-06-25,17017,37.9,0.75,50.9,40.8,2026-06-21,8,0,Good,83.4,2026-10-23
CHILL-B14123,Chiller #123,Chiller,B1,4,2019-04-01,8282,41.8,1.21,55.0,37.1,2026-05-28,15,6,Warning,61.9,2026-09-13
ELEV-B34124,Elevator #124,Elevator,B3,4,2024-03-28,17731,39.3,2.36,55.9,28.9,2026-07-13,4,1,Good,70.4,2026-10-03
ELEV-B22125,Elevator #125,Elevator,B2,2,2024-05-28,4544,67.7,3.28,65.8,51.4,2026-01-16,5,3,Critical,40.5,2026-09-06
ELEV-B15126,Elevator #126,Elevator,B1,5,2019-06-14,8148,42.2,0.7,46.4,15.2,2026-06-13,5,3,Good,77.1,2026-12-07
ELEV-B14127,Elevator #127,Elevator,B1,4,2020-10-09,17374,33.0,1.05,43.8,15.8,2026-01-19,17,3,Warning,68.1,2026-09-04
CHILL-B31128,Chiller #128,Chiller,B3,1,2021-04-20,14456,46.7,2.18,46.3,18.8,2026-07-07,13,3,Warning,63.3,2026-09-11
ELEV-B35129,Elevator #129,Elevator,B3,5,2021-12-01,4288,65.6,4.28,64.1,66.0,2026-02-11,6,4,Critical,29.5,2026-08-03
AHU-B24130,Air Handling Unit #130,Air Handling Unit,B2,4,2020-01-22,16751,51.5,2.19,44.7,37.1,2026-01-20,14,2,Warning,60.7,2026-09-08
HVAC-B22131,HVAC Unit #131,HVAC Unit,B2,2,2022-02-02,1769,91.4,7.62,30.4,82.4,2026-01-10,19,6,Critical,5.0,2026-09-08
COMP-B33132,Compressor #132,Compressor,B3,3,2023-05-22,17141,48.6,1.14,47.3,29.1,2026-06-28,9,2,Warning,69.4,2026-09-02
ELEV-B35133,Elevator #133,Elevator,B3,5,2024-11-01,6046,51.9,1.24,42.5,31.1,2026-06-14,14,6,Warning,56.5,2026-09-04
CHILL-B14134,Chiller #134,Chiller,B1,4,2024-02-09,15921,45.6,2.2,48.3,25.8,2026-03-10,17,1,Good,72.9,2026-10-02
PUMP-B31135,Water Pump #135,Water Pump,B3,1,2022-08-19,12570,84.0,8.35,52.5,82.6,2026-05-18,10,2,Critical,12.8,2026-08-05
COMP-B21136,Compressor #136,Compressor,B2,1,2021-01-15,2541,57.1,3.78,30.2,56.2,2026-07-01,7,2,Warning,54.8,2026-08-05
AHU-B23137,Air Handling Unit #137,Air Handling Unit,B2,3,2023-11-25,6280,51.9,0.95,51.4,14.7,2026-02-02,3,5,Warning,61.3,2026-09-15
PUMP-B14138,Water Pump #138,Water Pump,B1,4,2022-07-04,9760,43.3,1.82,47.2,31.1,2026-06-25,10,4,Warning,67.8,2026-08-05
AHU-B25139,Air Handling Unit #139,Air Handling Unit,B2,5,2020-05-10,4004,83.1,6.04,75.9,112.7,2026-02-17,10,5,Critical,6.1,2026-09-12
PUMP-B33140,Water Pump #140,Water Pump,B3,3,2022-06-14,16487,50.3,0.65,54.3,14.9,2026-02-20,14,3,Warning,63.1,2026-09-13
GEN-B35141,Generator #141,Generator,B3,5,2021-03-20,10812,57.1,4.14,48.5,68.1,2026-05-15,2,6,Critical,23.7,2026-08-02
HVAC-B21142,HVAC Unit #142,HVAC Unit,B2,1,2021-10-04,10721,49.3,0.82,51.4,28.9,2026-06-02,19,3,Warning,69.8,2026-08-09
AHU-B34143,Air Handling Unit #143,Air Handling Unit,B3,4,2020-04-22,6271,51.8,0.61,49.8,34.7,2026-01-03,10,5,Warning,61.4,2026-08-03
CHILL-B31144,Chiller #144,Chiller,B3,1,2020-04-04,16723,39.8,2.27,46.8,28.0,2026-02-27,1,6,Critical,47.2,2026-08-14
ELEV-B34145,Elevator #145,Elevator,B3,4,2024-10-04,15367,34.8,1.94,45.9,28.9,2026-06-18,5,5,Warning,56.3,2026-08-08
COMP-B23146,Compressor #146,Compressor,B2,3,2024-02-19,17353,39.7,2.04,49.4,38.8,2026-02-01,12,5,Warning,53.5,2026-09-08
CHILL-B34147,Chiller #147,Chiller,B3,4,2019-10-10,2316,65.5,2.89,66.3,73.9,2026-04-24,21,5,Critical,38.4,2026-09-05
HVAC-B13148,HVAC Unit #148,HVAC Unit,B1,3,2023-09-07,12630,35.5,0.87,52.5,30.6,2026-04-23,17,3,Good,72.7,2026-10-09
ELEV-B21149,Elevator #149,Elevator,B2,1,2024-08-13,16658,46.2,1.51,52.5,20.6,2026-06-11,20,5,Warning,57.4,2026-09-10
CTWR-B11150,Cooling Tower #150,Cooling Tower,B1,1,2019-12-06,8792,50.7,1.46,54.2,44.4,2026-07-24,4,5,Warning,60.2,2026-08-02
AHU-B34151,Air Handling Unit #151,Air Handling Unit,B3,4,2022-02-02,9407,56.2,4.33,54.3,70.4,2026-02-11,4,0,Warning,54.5,2026-08-12
COMP-B22152,Compressor #152,Compressor,B2,2,2024-10-18,7744,45.6,1.01,53.9,26.3,2026-05-26,7,2,Good,81.8,2026-10-03
HVAC-B31153,HVAC Unit #153,HVAC Unit,B3,1,2020-01-26,5805,43.4,2.16,47.5,34.5,2026-06-21,1,2,Good,78.7,2026-12-07
GEN-B34154,Generator #154,Generator,B3,4,2023-06-12,5717,39.5,0.73,43.3,37.8,2026-03-04,3,3,Good,79.4,2026-09-16
GEN-B15155,Generator #155,Generator,B1,5,2023-06-01,8540,46.1,0.72,55.9,43.9,2026-01-18,10,6,Warning,60.5,2026-08-14
ELEV-B25156,Elevator #156,Elevator,B2,5,2019-09-23,4833,94.7,8.2,20.4,94.5,2026-03-25,19,4,Critical,10.3,2026-08-03
GEN-B33157,Generator #157,Generator,B3,3,2024-01-08,17372,92.9,8.43,74.7,77.6,2026-04-20,3,7,Critical,5.0,2026-08-15
COMP-B13158,Compressor #158,Compressor,B1,3,2024-01-04,2366,39.0,1.46,54.5,40.9,2026-02-01,16,4,Good,77.7,2026-09-01
GEN-B35159,Generator #159,Generator,B3,5,2022-11-22,1792,47.3,1.85,48.9,26.1,2026-02-04,18,3,Good,77.8,2026-12-04
PUMP-B22160,Water Pump #160,Water Pump,B2,2,2021-07-02,9004,36.5,1.95,56.2,38.2,2026-05-02,8,0,Good,87.4,2026-09-28
GEN-B11161,Generator #161,Generator,B1,1,2019-03-15,7117,44.0,2.2,58.0,16.3,2026-04-16,10,0,Good,87.1,2026-09-22
CHILL-B13162,Chiller #162,Chiller,B1,3,2023-04-16,12896,50.8,2.0,46.7,33.6,2026-05-09,8,3,Warning,61.8,2026-09-12
CHILL-B13163,Chiller #163,Chiller,B1,3,2022-12-20,17132,34.7,2.36,45.7,36.5,2026-02-04,9,0,Good,76.0,2026-11-24
AHU-B12164,Air Handling Unit #164,Air Handling Unit,B1,2,2024-08-21,16068,32.7,1.1,48.1,39.3,2026-01-02,4,0,Good,84.4,2026-11-28
CTWR-B21165,Cooling Tower #165,Cooling Tower,B2,1,2022-07-15,2655,45.2,1.56,52.6,13.0,2026-07-12,8,1,Healthy,91.7,2026-09-20
PUMP-B25166,Water Pump #166,Water Pump,B2,5,2020-01-11,15423,46.7,0.7,43.7,24.8,2026-06-22,14,6,Warning,53.1,2026-09-14
COMP-B25167,Compressor #167,Compressor,B2,5,2024-10-25,18203,83.3,9.77,35.6,115.9,2026-07-22,9,3,Critical,5.0,2026-09-02
GEN-B33168,Generator #168,Generator,B3,3,2021-10-13,2465,45.2,2.01,55.0,32.1,2026-01-10,20,2,Good,83.0,2026-11-27
ELEV-B14169,Elevator #169,Elevator,B1,4,2022-01-15,1490,83.6,9.08,34.1,78.6,2026-03-20,15,1,Critical,28.6,2026-09-02
COMP-B13170,Compressor #170,Compressor,B1,3,2021-05-28,17417,34.9,1.71,42.8,15.8,2026-01-06,5,1,Good,76.3,2026-12-19
PUMP-B15171,Water Pump #171,Water Pump,B1,5,2024-04-02,9688,49.1,1.24,53.5,31.8,2026-03-04,9,0,Good,86.1,2026-09-17
COMP-B15172,Compressor #172,Compressor,B1,5,2019-04-07,11875,66.6,2.94,47.1,54.2,2026-01-11,19,2,Critical,42.4,2026-09-06
CTWR-B33173,Cooling Tower #173,Cooling Tower,B3,3,2022-05-20,2220,50.6,2.24,42.4,32.1,2026-07-11,6,2,Good,75.4,2026-11-07
CTWR-B31174,Cooling Tower #174,Cooling Tower,B3,1,2024-12-05,13687,94.1,9.76,59.8,119.9,2026-05-24,21,3,Critical,6.7,2026-09-09
CHILL-B31175,Chiller #175,Chiller,B3,1,2023-08-22,18385,35.9,1.64,56.6,22.8,2026-07-25,17,3,Warning,65.9,2026-09-04
COMP-B21176,Compressor #176,Compressor,B2,1,2024-04-15,14632,42.1,2.25,52.5,32.0,2026-04-26,12,0,Good,79.4,2026-12-08
AHU-B32177,Air Handling Unit #177,Air Handling Unit,B3,2,2022-11-19,5726,60.8,3.04,46.3,60.6,2026-02-19,20,2,Warning,54.0,2026-09-11
GEN-B14178,Generator #178,Generator,B1,4,2019-03-04,14917,50.6,1.94,44.0,13.1,2026-04-01,9,6,Critical,45.6,2026-08-02
AHU-B35179,Air Handling Unit #179,Air Handling Unit,B3,5,2022-07-12,5376,46.2,0.81,56.4,41.6,2026-05-20,13,5,Warning,68.4,2026-08-12
HVAC-B13180,HVAC Unit #180,HVAC Unit,B1,3,2022-07-21,15937,46.0,1.92,53.6,31.5,2026-07-17,14,2,Warning,69.8,2026-08-03
HVAC-B35181,HVAC Unit #181,HVAC Unit,B3,5,2021-11-21,16061,42.2,1.66,57.1,15.2,2026-03-16,13,2,Good,73.0,2026-11-02
CTWR-B23182,Cooling Tower #182,Cooling Tower,B2,3,2022-06-25,7046,67.5,4.78,38.4,61.1,2026-05-20,5,0,Critical,40.5,2026-09-02
PUMP-B22183,Water Pump #183,Water Pump,B2,2,2019-05-09,17146,59.9,4.64,69.6,67.9,2026-02-22,15,1,Critical,35.2,2026-09-03
CHILL-B15184,Chiller #184,Chiller,B1,5,2023-03-01,2502,55.1,4.47,31.0,51.9,2026-05-14,18,4,Critical,41.2,2026-09-09
AHU-B23185,Air Handling Unit #185,Air Handling Unit,B2,3,2019-12-23,5130,33.7,0.85,46.5,34.1,2026-03-26,15,3,Good,80.0,2026-09-24
GEN-B31186,Generator #186,Generator,B3,1,2021-03-17,12188,42.3,2.0,53.3,22.4,2026-01-14,9,3,Warning,68.9,2026-08-15
PUMP-B15187,Water Pump #187,Water Pump,B1,5,2024-11-02,1461,49.4,1.0,45.1,27.5,2026-04-27,8,1,Healthy,88.7,2026-10-24
COMP-B22188,Compressor #188,Compressor,B2,2,2020-11-03,18118,41.8,1.7,53.4,13.3,2026-06-09,7,0,Good,80.7,2026-12-21
GEN-B33189,Generator #189,Generator,B3,3,2022-09-22,7100,37.8,1.47,54.7,24.9,2026-03-18,10,6,Warning,63.1,2026-09-05
CHILL-B11190,Chiller #190,Chiller,B1,1,2021-07-15,11862,35.5,2.32,52.6,23.5,2026-04-23,8,5,Warning,56.5,2026-08-13
COMP-B25191,Compressor #191,Compressor,B2,5,2022-11-08,2149,49.8,2.01,43.0,37.5,2026-03-22,10,2,Good,78.3,2026-11-14
CTWR-B24192,Cooling Tower #192,Cooling Tower,B2,4,2022-05-02,9992,44.7,0.68,49.2,19.3,2026-02-18,16,5,Warning,65.3,2026-08-13
CHILL-B35193,Chiller #193,Chiller,B3,5,2021-03-20,1852,47.6,1.2,47.6,37.3,2026-01-21,1,6,Warning,65.3,2026-08-09
GEN-B25194,Generator #194,Generator,B2,5,2020-03-27,14160,70.5,3.46,38.6,67.3,2026-01-02,8,2,Critical,31.5,2026-08-13
CHILL-B34195,Chiller #195,Chiller,B3,4,2022-01-06,10476,47.4,1.05,46.4,16.1,2026-07-13,10,0,Good,87.2,2026-12-05
ELEV-B11196,Elevator #196,Elevator,B1,1,2019-09-24,14811,42.8,2.25,43.5,31.4,2026-04-07,1,0,Good,79.2,2026-11-26
PUMP-B25197,Water Pump #197,Water Pump,B2,5,2024-01-10,10180,51.4,1.64,48.0,26.2,2026-02-14,15,1,Good,76.9,2026-11-16
ELEV-B35198,Elevator #198,Elevator,B3,5,2023-04-13,1764,39.5,1.58,43.7,19.4,2026-01-13,16,5,Good,72.6,2026-10-15
PUMP-B25199,Water Pump #199,Water Pump,B2,5,2019-11-10,12093,33.7,1.61,45.3,43.1,2026-05-08,5,6,Warning,57.3,2026-08-03
CTWR-B34200,Cooling Tower #200,Cooling Tower,B3,4,2023-12-27,8816,40.2,1.93,55.3,13.2,2026-06-19,2,6,Warning,57.8,2026-09-14
HVAC-B22201,HVAC Unit #201,HVAC Unit,B2,2,2023-08-18,17577,41.2,1.47,50.9,36.4,2026-06-03,11,5,Warning,57.9,2026-08-07
CHILL-B22202,Chiller #202,Chiller,B2,2,2019-03-17,5180,51.4,0.67,48.8,17.6,2026-07-17,6,1,Good,82.9,2026-12-05
CTWR-B21203,Cooling Tower #203,Cooling Tower,B2,1,2021-02-14,10841,44.3,1.27,52.4,16.7,2026-05-22,22,2,Good,79.5,2026-10-26
PUMP-B35204,Water Pump #204,Water Pump,B3,5,2021-08-15,8101,49.0,0.84,50.4,39.4,2026-01-11,11,5,Warning,62.7,2026-09-03
AHU-B21205,Air Handling Unit #205,Air Handling Unit,B2,1,2019-05-23,7349,41.2,0.77,52.0,31.6,2026-01-12,7,5,Warning,67.8,2026-08-06
HVAC-B13206,HVAC Unit #206,HVAC Unit,B1,3,2021-07-19,11218,50.7,1.61,52.3,18.7,2026-05-05,12,4,Warning,61.9,2026-08-12
GEN-B22207,Generator #207,Generator,B2,2,2021-10-04,5351,39.7,1.64,55.7,32.0,2026-07-24,17,4,Good,73.6,2026-12-07
AHU-B12208,Air Handling Unit #208,Air Handling Unit,B1,2,2020-02-26,6000,32.0,0.74,57.5,16.5,2026-07-15,5,1,Healthy,89.2,2026-12-22
COMP-B23209,Compressor #209,Compressor,B2,3,2023-02-08,14085,41.5,1.16,50.4,29.5,2026-05-27,13,6,Warning,56.3,2026-08-03
ELEV-B32210,Elevator #210,Elevator,B3,2,2022-09-15,17259,50.0,1.77,44.8,40.6,2026-07-15,9,5,Warning,50.4,2026-09-12
CTWR-B15211,Cooling Tower #211,Cooling Tower,B1,5,2023-04-13,13461,77.3,6.86,32.4,101.8,2026-01-12,6,7,Critical,5.0,2026-09-09
HVAC-B33212,HVAC Unit #212,HVAC Unit,B3,3,2019-11-09,16887,88.5,6.46,22.2,101.2,2026-07-23,13,1,Critical,13.6,2026-09-10
COMP-B22213,Compressor #213,Compressor,B2,2,2022-12-28,4604,49.9,0.88,53.8,40.7,2026-02-03,2,2,Good,80.1,2026-12-27
CHILL-B14214,Chiller #214,Chiller,B1,4,2024-12-02,11496,51.7,0.95,51.8,12.6,2026-07-22,4,6,Warning,51.4,2026-09-15
AHU-B33215,Air Handling Unit #215,Air Handling Unit,B3,3,2023-01-22,14411,33.2,0.95,54.2,16.9,2026-03-03,14,6,Warning,56.0,2026-08-08
HVAC-B25216,HVAC Unit #216,HVAC Unit,B2,5,2020-12-17,14610,48.8,0.61,46.4,23.6,2026-03-15,6,5,Warning,56.6,2026-08-10
COMP-B11217,Compressor #217,Compressor,B1,1,2019-03-24,4031,51.3,1.98,54.6,19.2,2026-03-15,6,2,Good,75.1,2026-09-24
GEN-B22218,Generator #218,Generator,B2,2,2024-12-05,11374,35.6,0.85,47.0,19.5,2026-02-09,2,3,Good,73.9,2026-10-06
ELEV-B24219,Elevator #219,Elevator,B2,4,2021-02-16,12837,44.8,1.41,52.1,39.4,2026-01-27,19,2,Good,77.5,2026-12-05
GEN-B34220,Generator #220,Generator,B3,4,2021-11-26,10659,42.1,2.09,54.7,15.0,2026-07-07,7,2,Good,74.6,2026-11-07
COMP-B21221,Compressor #221,Compressor,B2,1,2019-09-22,7308,38.5,1.61,52.5,41.7,2026-03-23,16,1,Good,87.0,2026-09-21
PUMP-B12222,Water Pump #222,Water Pump,B1,2,2022-08-11,12232,39.2,0.89,50.7,36.8,2026-04-26,21,0,Healthy,88.1,2026-12-19
CTWR-B34223,Cooling Tower #223,Cooling Tower,B3,4,2022-04-09,13429,40.0,0.67,56.9,19.7,2026-05-04,20,2,Good,76.9,2026-12-14
ELEV-B34224,Elevator #224,Elevator,B3,4,2023-01-06,17983,71.4,4.69,37.9,74.2,2026-07-05,6,2,Critical,16.3,2026-08-11
PUMP-B11225,Water Pump #225,Water Pump,B1,1,2021-03-26,12541,32.0,0.87,56.1,21.9,2026-01-06,15,3,Good,72.8,2026-10-28
GEN-B21226,Generator #226,Generator,B2,1,2024-04-05,13463,34.0,1.59,48.3,19.0,2026-04-22,1,3,Good,71.1,2026-12-27
COMP-B32227,Compressor #227,Compressor,B3,2,2019-07-05,11631,50.0,2.08,53.7,26.0,2026-04-18,5,3,Warning,63.3,2026-08-06
COMP-B35228,Compressor #228,Compressor,B3,5,2019-04-20,7037,42.0,0.6,51.6,25.1,2026-01-21,8,2,Good,83.2,2026-10-05
COMP-B11229,Compressor #229,Compressor,B1,1,2020-05-14,4242,40.5,1.11,48.2,39.1,2026-01-09,11,3,Good,80.9,2026-12-06
AHU-B25230,Air Handling Unit #230,Air Handling Unit,B2,5,2019-08-26,3907,45.1,1.33,54.9,17.3,2026-02-19,12,5,Good,71.1,2026-12-22
COMP-B14231,Compressor #231,Compressor,B1,4,2024-11-13,15043,46.8,0.81,54.9,42.0,2026-05-12,2,2,Good,73.4,2026-12-23
PUMP-B33232,Water Pump #232,Water Pump,B3,3,2019-03-14,13765,38.7,2.28,51.4,18.5,2026-07-20,22,0,Good,80.0,2026-12-14
HVAC-B23233,HVAC Unit #233,HVAC Unit,B2,3,2019-02-28,17243,44.0,1.26,48.8,34.3,2026-07-27,15,2,Good,73.2,2026-09-18
ELEV-B13234,Elevator #234,Elevator,B1,3,2021-07-01,15839,43.9,1.24,42.6,36.4,2026-02-06,11,2,Good,74.6,2026-09-18
CHILL-B12235,Chiller #235,Chiller,B1,2,2024-08-14,10201,36.9,2.09,55.4,36.2,2026-05-19,12,3,Good,70.1,2026-12-02
CHILL-B23236,Chiller #236,Chiller,B2,3,2019-03-20,4513,74.7,9.47,73.4,94.6,2026-02-24,13,5,Critical,5.6,2026-09-12
CHILL-B21237,Chiller #237,Chiller,B2,1,2020-10-09,11135,47.9,1.85,42.8,30.9,2026-02-25,20,4,Warning,63.0,2026-09-05
AHU-B25238,Air Handling Unit #238,Air Handling Unit,B2,5,2024-01-20,14263,32.1,0.97,54.5,33.7,2026-03-09,6,5,Warning,61.1,2026-09-10
PUMP-B12239,Water Pump #239,Water Pump,B1,2,2020-01-23,11836,46.6,1.7,49.4,25.9,2026-05-11,8,0,Good,85.0,2026-12-16
HVAC-B23240,HVAC Unit #240,HVAC Unit,B2,3,2021-06-27,15761,63.5,3.86,36.8,57.3,2026-04-02,5,3,Critical,29.3,2026-08-11
COMP-B33241,Compressor #241,Compressor,B3,3,2019-04-24,13297,41.0,1.44,44.5,31.3,2026-05-12,10,2,Good,77.1,2026-12-14
HVAC-B25242,HVAC Unit #242,HVAC Unit,B2,5,2024-08-08,13497,51.0,0.82,48.3,19.0,2026-01-19,18,1,Good,75.3,2026-11-06
AHU-B34243,Air Handling Unit #243,Air Handling Unit,B3,4,2023-07-12,8335,47.4,1.73,52.6,34.7,2026-06-25,14,4,Warning,67.3,2026-09-09
CTWR-B14244,Cooling Tower #244,Cooling Tower,B1,4,2022-08-10,15927,37.8,1.56,47.3,27.3,2026-02-22,6,6,Warning,54.0,2026-08-07
CTWR-B24245,Cooling Tower #245,Cooling Tower,B2,4,2020-11-01,8546,52.0,1.68,53.7,43.2,2026-03-20,5,4,Warning,62.5,2026-08-03
COMP-B31246,Compressor #246,Compressor,B3,1,2021-01-24,13957,69.5,3.12,44.8,71.4,2026-02-16,18,4,Critical,25.7,2026-08-06
AHU-B21247,Air Handling Unit #247,Air Handling Unit,B2,1,2019-04-19,16311,40.9,1.04,44.8,27.2,2026-06-04,15,1,Good,79.1,2026-11-28
AHU-B14248,Air Handling Unit #248,Air Handling Unit,B1,4,2024-02-01,2259,42.4,1.45,48.2,37.8,2026-03-23,22,5,Good,72.8,2026-09-23
HVAC-B24249,HVAC Unit #249,HVAC Unit,B2,4,2024-01-10,14254,50.5,1.73,49.0,38.0,2026-01-05,2,2,Warning,68.1,2026-09-13
CHILL-B32250,Chiller #250,Chiller,B3,2,2021-07-22,12335,58.6,2.99,55.7,48.1,2026-06-16,5,1,Warning,55.4,2026-08-13
ELEV-B23251,Elevator #251,Elevator,B2,3,2024-08-11,15957,32.7,0.85,50.3,12.9,2026-03-19,9,4,Warning,64.5,2026-09-12
ELEV-B22252,Elevator #252,Elevator,B2,2,2023-11-10,16774,46.9,1.85,44.3,21.6,2026-04-09,15,5,Warning,53.6,2026-08-01
GEN-B33253,Generator #253,Generator,B3,3,2020-10-01,9700,49.4,1.53,49.6,41.7,2026-03-21,12,5,Warning,60.5,2026-08-10
PUMP-B33254,Water Pump #254,Water Pump,B3,3,2022-08-21,6741,49.9,0.63,57.2,23.3,2026-03-07,17,3,Good,73.1,2026-10-05
ELEV-B31255,Elevator #255,Elevator,B3,1,2024-04-12,17544,70.4,4.48,63.8,68.7,2026-05-08,15,4,Critical,9.7,2026-08-06
HVAC-B21256,HVAC Unit #256,HVAC Unit,B2,1,2021-09-03,10095,64.1,2.96,61.9,59.0,2026-05-08,18,4,Critical,36.8,2026-08-05
AHU-B32257,Air Handling Unit #257,Air Handling Unit,B3,2,2020-12-23,16144,78.8,6.48,73.0,108.3,2026-02-17,6,1,Critical,14.3,2026-09-01
GEN-B12258,Generator #258,Generator,B1,2,2023-10-16,16413,55.9,4.38,32.9,59.9,2026-04-03,4,4,Critical,27.6,2026-09-04
CHILL-B35259,Chiller #259,Chiller,B3,5,2020-10-16,11029,49.2,0.8,56.2,37.7,2026-02-19,19,0,Good,84.6,2026-12-01
ELEV-B25260,Elevator #260,Elevator,B2,5,2021-08-21,6984,37.7,1.76,46.2,29.6,2026-03-09,11,4,Good,71.0,2026-11-21
COMP-B12261,Compressor #261,Compressor,B1,2,2022-01-11,17896,33.3,1.38,46.9,42.5,2026-04-11,16,3,Warning,67.6,2026-08-04
CHILL-B12262,Chiller #262,Chiller,B1,2,2021-09-10,11686,38.0,1.7,51.1,17.1,2026-02-07,17,3,Good,71.9,2026-12-26
AHU-B15263,Air Handling Unit #263,Air Handling Unit,B1,5,2024-03-11,18123,40.3,1.91,45.7,20.7,2026-07-27,16,5,Warning,53.9,2026-09-06
AHU-B23264,Air Handling Unit #264,Air Handling Unit,B2,3,2024-06-27,11533,39.9,1.35,54.2,25.3,2026-04-12,15,2,Good,78.8,2026-10-15
ELEV-B12265,Elevator #265,Elevator,B1,2,2020-11-23,9586,38.4,2.02,47.2,30.5,2026-02-26,10,6,Warning,56.3,2026-08-10
COMP-B21266,Compressor #266,Compressor,B2,1,2019-04-06,11865,51.0,2.3,54.5,24.9,2026-06-16,16,5,Warning,50.1,2026-08-05
CTWR-B11267,Cooling Tower #267,Cooling Tower,B1,1,2019-11-11,10245,37.7,1.45,56.1,14.4,2026-07-24,18,2,Good,80.0,2026-12-27
AHU-B15268,Air Handling Unit #268,Air Handling Unit,B1,5,2021-10-07,4083,42.9,1.79,50.9,39.0,2026-06-01,15,1,Healthy,88.6,2026-10-25
CHILL-B33269,Chiller #269,Chiller,B3,3,2021-08-24,8238,41.2,1.2,52.8,35.2,2026-03-20,6,2,Good,82.0,2026-09-05
CHILL-B34270,Chiller #270,Chiller,B3,4,2022-07-26,17136,50.3,1.52,42.3,26.4,2026-01-17,2,6,Critical,47.3,2026-09-13
COMP-B25271,Compressor #271,Compressor,B2,5,2021-11-03,3675,90.2,7.65,77.1,113.2,2026-05-15,19,1,Critical,26.4,2026-08-13
CHILL-B34272,Chiller #272,Chiller,B3,4,2021-08-15,6187,45.0,1.21,50.4,34.9,2026-07-14,21,2,Good,84.0,2026-09-13
ELEV-B15273,Elevator #273,Elevator,B1,5,2022-01-01,8580,49.1,1.65,54.3,29.6,2026-06-22,11,3,Good,70.9,2026-10-25
PUMP-B35274,Water Pump #274,Water Pump,B3,5,2020-04-25,6058,32.5,1.68,55.5,37.7,2026-05-12,7,2,Good,82.6,2026-09-11
PUMP-B12275,Water Pump #275,Water Pump,B1,2,2020-05-06,15102,77.8,6.83,28.2,115.6,2026-01-27,9,3,Critical,5.3,2026-09-01
COMP-B32276,Compressor #276,Compressor,B3,2,2022-01-15,15570,39.6,2.07,43.5,17.8,2026-05-24,13,1,Good,75.0,2026-09-06
GEN-B14277,Generator #277,Generator,B1,4,2024-10-12,11583,33.8,1.51,49.6,28.8,2026-04-01,14,1,Good,83.6,2026-09-13
CTWR-B21278,Cooling Tower #278,Cooling Tower,B2,1,2021-06-10,3339,36.6,1.86,52.4,38.7,2026-04-01,14,6,Warning,63.7,2026-09-12
PUMP-B12279,Water Pump #279,Water Pump,B1,2,2020-03-19,1503,45.9,1.97,43.0,38.5,2026-07-24,5,4,Good,73.6,2026-11-12
CTWR-B14280,Cooling Tower #280,Cooling Tower,B1,4,2020-03-17,6160,50.5,2.02,42.5,18.7,2026-04-21,22,1,Good,78.5,2026-11-27
ELEV-B33281,Elevator #281,Elevator,B3,3,2019-01-11,2133,34.9,1.33,50.6,37.2,2026-06-17,16,0,Healthy,97.9,2026-10-06
CHILL-B13282,Chiller #282,Chiller,B1,3,2020-02-14,3373,40.3,2.22,49.0,40.3,2026-07-21,4,3,Good,75.6,2026-09-10
COMP-B23283,Compressor #283,Compressor,B2,3,2020-06-22,13179,41.6,1.95,55.6,18.5,2026-02-17,20,5,Warning,58.4,2026-08-13
AHU-B11284,Air Handling Unit #284,Air Handling Unit,B1,1,2024-02-23,14432,36.5,0.93,52.5,22.8,2026-04-22,10,4,Warning,66.0,2026-09-13
AHU-B24285,Air Handling Unit #285,Air Handling Unit,B2,4,2021-11-05,2321,36.0,0.93,44.3,13.1,2026-07-08,13,5,Good,72.7,2026-10-13
PUMP-B15286,Water Pump #286,Water Pump,B1,5,2022-08-28,12468,71.5,3.61,69.7,59.1,2026-03-18,7,5,Critical,15.8,2026-09-02
ELEV-B35287,Elevator #287,Elevator,B3,5,2021-06-06,9565,68.1,3.71,33.9,70.8,2026-07-17,11,6,Critical,16.5,2026-09-02
PUMP-B21288,Water Pump #288,Water Pump,B2,1,2023-03-04,8642,43.0,1.13,56.0,22.1,2026-04-18,15,6,Warning,61.6,2026-08-14
AHU-B25289,Air Handling Unit #289,Air Handling Unit,B2,5,2020-03-27,8469,39.1,1.68,44.4,40.4,2026-05-02,1,1,Good,85.2,2026-11-18
GEN-B35290,Generator #290,Generator,B3,5,2020-06-06,4481,49.2,1.01,56.9,35.6,2026-05-20,22,1,Good,86.0,2026-12-28
GEN-B21291,Generator #291,Generator,B2,1,2022-05-13,18296,34.7,2.29,42.0,20.3,2026-05-22,14,3,Warning,60.5,2026-09-04
CHILL-B14292,Chiller #292,Chiller,B1,4,2020-03-16,6451,66.0,3.58,37.7,70.2,2026-01-08,8,3,Critical,37.9,2026-09-03
CTWR-B15293,Cooling Tower #293,Cooling Tower,B1,5,2024-03-07,15728,38.5,1.75,50.3,29.3,2026-07-21,5,5,Warning,57.6,2026-09-04
COMP-B21294,Compressor #294,Compressor,B2,1,2023-12-20,16088,67.8,4.24,65.0,73.5,2026-01-13,5,0,Critical,36.0,2026-09-02
COMP-B25295,Compressor #295,Compressor,B2,5,2020-12-23,17167,33.8,1.92,57.4,40.5,2026-02-28,10,1,Good,74.7,2026-12-27
CTWR-B21296,Cooling Tower #296,Cooling Tower,B2,1,2024-02-28,10381,38.6,1.8,46.0,23.8,2026-01-04,9,2,Good,77.3,2026-12-08
COMP-B15297,Compressor #297,Compressor,B1,5,2022-11-09,4606,43.3,1.69,55.9,34.0,2026-01-20,16,4,Good,73.9,2026-09-19
CHILL-B31298,Chiller #298,Chiller,B3,1,2019-04-12,15022,38.9,2.02,55.6,30.9,2026-05-02,13,5,Warning,56.0,2026-09-14
CTWR-B31299,Cooling Tower #299,Cooling Tower,B3,1,2020-10-06,1991,50.4,2.04,53.7,40.0,2026-03-12,21,2,Good,77.5,2026-11-12
GEN-B24300,Generator #300,Generator,B2,4,2019-06-15,9823,49.3,1.77,53.9,36.9,2026-07-27,6,1,Good,78.4,2026-10-28
COMP-B13301,Compressor #301,Compressor,B1,3,2021-10-18,8657,50.3,0.76,48.5,32.5,2026-06-06,11,6,Warning,55.7,2026-09-04
ELEV-B34302,Elevator #302,Elevator,B3,4,2021-06-26,15544,35.4,0.63,45.0,22.2,2026-05-23,12,6,Warning,54.9,2026-09-13
AHU-B25303,Air Handling Unit #303,Air Handling Unit,B2,5,2024-02-07,4259,49.5,1.33,46.2,35.6,2026-05-12,3,5,Warning,65.9,2026-09-03
CTWR-B13304,Cooling Tower #304,Cooling Tower,B1,3,2023-10-03,11811,59.2,3.11,69.7,46.8,2026-02-27,8,3,Critical,44.2,2026-08-04
GEN-B22305,Generator #305,Generator,B2,2,2020-01-10,9184,48.8,1.35,50.8,30.7,2026-04-06,1,6,Warning,56.9,2026-09-11
CTWR-B33306,Cooling Tower #306,Cooling Tower,B3,3,2024-06-26,9836,50.5,1.02,50.6,14.5,2026-06-05,14,2,Good,74.4,2026-11-28
GEN-B35307,Generator #307,Generator,B3,5,2020-02-26,17828,48.1,1.69,53.5,35.7,2026-06-18,16,4,Warning,57.6,2026-08-08
ELEV-B31308,Elevator #308,Elevator,B3,1,2022-10-15,17490,51.9,0.64,49.2,33.5,2026-03-16,19,3,Warning,60.4,2026-08-02
PUMP-B13309,Water Pump #309,Water Pump,B1,3,2023-05-24,2103,47.3,0.84,48.3,33.8,2026-03-18,20,3,Good,80.4,2026-11-11
GEN-B35310,Generator #310,Generator,B3,5,2022-03-25,11504,47.1,1.66,54.4,14.3,2026-01-17,1,4,Warning,65.1,2026-09-12
AHU-B32311,Air Handling Unit #311,Air Handling Unit,B3,2,2020-10-25,7076,41.9,0.82,43.4,43.2,2026-05-23,6,0,Healthy,93.1,2026-12-26
CTWR-B24312,Cooling Tower #312,Cooling Tower,B2,4,2020-06-06,4341,40.6,1.05,43.5,20.6,2026-02-08,10,2,Good,85.8,2026-11-21
CHILL-B24313,Chiller #313,Chiller,B2,4,2019-09-09,1868,74.3,6.92,30.5,118.4,2026-01-01,20,3,Critical,18.2,2026-09-07
ELEV-B15314,Elevator #314,Elevator,B1,5,2023-06-28,3473,42.0,1.56,57.6,15.2,2026-06-05,6,1,Healthy,91.1,2026-11-19
AHU-B22315,Air Handling Unit #315,Air Handling Unit,B2,2,2023-03-27,15785,42.8,2.32,57.1,38.6,2026-03-10,1,4,Warning,57.7,2026-08-06
AHU-B35316,Air Handling Unit #316,Air Handling Unit,B3,5,2020-02-16,7529,93.2,9.51,86.7,100.1,2026-07-15,20,3,Critical,12.7,2026-08-11
CHILL-B22317,Chiller #317,Chiller,B2,2,2021-03-08,17281,39.2,2.25,56.7,38.8,2026-06-23,7,6,Critical,46.8,2026-08-14
CHILL-B33318,Chiller #318,Chiller,B3,3,2023-10-19,18294,36.0,1.18,49.2,18.5,2026-06-14,13,6,Warning,52.2,2026-09-07
CTWR-B14319,Cooling Tower #319,Cooling Tower,B1,4,2019-08-04,11735,38.1,2.39,54.3,37.4,2026-06-02,18,3,Warning,66.0,2026-08-04
CHILL-B25320,Chiller #320,Chiller,B2,5,2024-10-18,6880,42.7,0.68,46.8,18.2,2026-05-02,21,2,Good,83.3,2026-12-24
AHU-B33321,Air Handling Unit #321,Air Handling Unit,B3,3,2024-12-02,8228,92.6,8.48,23.4,85.0,2026-05-21,4,4,Critical,7.0,2026-08-01
CTWR-B11322,Cooling Tower #322,Cooling Tower,B1,1,2021-01-08,12038,61.3,4.48,31.8,50.1,2026-02-20,6,3,Critical,30.0,2026-09-15
CTWR-B35323,Cooling Tower #323,Cooling Tower,B3,5,2024-11-10,7913,62.0,2.82,62.9,56.9,2026-07-07,21,5,Critical,37.4,2026-09-05
HVAC-B34324,HVAC Unit #324,HVAC Unit,B3,4,2019-12-25,15917,33.4,0.81,44.5,38.1,2026-01-06,5,5,Warning,59.5,2026-09-03
ELEV-B34325,Elevator #325,Elevator,B3,4,2021-09-10,10529,34.4,2.08,56.1,43.4,2026-05-28,19,2,Good,74.8,2026-12-07
AHU-B31326,Air Handling Unit #326,Air Handling Unit,B3,1,2022-08-04,4850,58.1,4.33,62.3,53.0,2026-05-12,8,0,Warning,56.8,2026-09-12
AHU-B25327,Air Handling Unit #327,Air Handling Unit,B2,5,2019-11-17,7392,43.4,2.31,47.5,43.4,2026-02-12,7,5,Warning,60.9,2026-09-04
HVAC-B24328,HVAC Unit #328,HVAC Unit,B2,4,2020-05-17,3285,38.7,1.9,42.4,26.5,2026-07-08,8,1,Healthy,88.4,2026-11-18
AHU-B15329,Air Handling Unit #329,Air Handling Unit,B1,5,2021-01-04,3334,44.4,0.91,56.9,24.2,2026-02-04,14,4,Good,76.8,2026-10-01
CTWR-B15330,Cooling Tower #330,Cooling Tower,B1,5,2019-07-25,5120,43.3,0.73,52.4,42.1,2026-05-21,8,6,Warning,65.0,2026-09-05
CTWR-B22331,Cooling Tower #331,Cooling Tower,B2,2,2024-08-20,9393,50.4,0.88,50.6,23.9,2026-02-10,12,5,Warning,59.9,2026-08-07
ELEV-B13332,Elevator #332,Elevator,B1,3,2024-01-14,11025,46.2,1.57,45.6,25.3,2026-07-21,5,0,Good,87.4,2026-11-07
CTWR-B24333,Cooling Tower #333,Cooling Tower,B2,4,2022-12-15,15745,38.5,1.32,53.6,18.8,2026-02-23,13,3,Warning,69.7,2026-08-10
GEN-B35334,Generator #334,Generator,B3,5,2021-08-18,14576,39.9,1.45,50.7,26.9,2026-07-25,12,5,Warning,60.8,2026-09-01
GEN-B13335,Generator #335,Generator,B1,3,2023-03-22,13792,40.9,1.85,48.2,34.0,2026-03-24,17,3,Warning,68.6,2026-08-11
CTWR-B32336,Cooling Tower #336,Cooling Tower,B3,2,2020-07-11,16554,47.3,1.48,51.8,37.2,2026-05-24,8,6,Warning,51.4,2026-08-11
CHILL-B11337,Chiller #337,Chiller,B1,1,2019-01-28,2928,50.6,1.24,53.9,43.6,2026-03-27,11,6,Warning,61.0,2026-08-06
PUMP-B34338,Water Pump #338,Water Pump,B3,4,2022-06-23,6941,43.2,2.22,44.4,25.7,2026-05-20,10,2,Good,77.1,2026-12-06
COMP-B33339,Compressor #339,Compressor,B3,3,2024-04-04,6005,34.7,1.29,48.1,17.6,2026-01-19,15,0,Healthy,94.2,2026-11-15
AHU-B21340,Air Handling Unit #340,Air Handling Unit,B2,1,2022-11-19,12466,56.2,3.07,42.0,57.4,2026-02-04,11,0,Warning,62.2,2026-08-11
PUMP-B21341,Water Pump #341,Water Pump,B2,1,2021-10-26,17411,62.1,3.14,64.1,51.6,2026-03-17,1,4,Critical,30.3,2026-08-08
PUMP-B11342,Water Pump #342,Water Pump,B1,1,2024-04-23,11247,80.4,6.46,91.6,104.9,2026-01-11,9,6,Critical,5.0,2026-08-03
HVAC-B35343,HVAC Unit #343,HVAC Unit,B3,5,2019-05-13,7741,45.9,1.09,48.0,24.1,2026-05-28,16,3,Good,76.5,2026-12-14
PUMP-B13344,Water Pump #344,Water Pump,B1,3,2024-05-18,7521,50.3,2.25,43.4,34.0,2026-03-28,16,2,Good,70.5,2026-09-01
AHU-B12345,Air Handling Unit #345,Air Handling Unit,B1,2,2019-03-12,3328,68.2,4.53,30.4,46.4,2026-07-11,5,4,Critical,25.5,2026-08-03
COMP-B33346,Compressor #346,Compressor,B3,3,2024-02-20,5196,50.4,2.27,45.0,35.7,2026-01-01,2,5,Warning,57.5,2026-09-13
GEN-B11347,Generator #347,Generator,B1,1,2024-02-13,11699,48.4,1.87,49.9,35.3,2026-04-10,21,4,Warning,61.7,2026-08-08
AHU-B31348,Air Handling Unit #348,Air Handling Unit,B3,1,2019-03-07,9826,35.8,0.82,54.2,18.2,2026-07-11,5,4,Good,70.4,2026-10-06
CTWR-B35349,Cooling Tower #349,Cooling Tower,B3,5,2021-10-14,17802,37.0,1.22,45.9,12.2,2026-06-09,21,2,Good,72.7,2026-11-25
AHU-B11350,Air Handling Unit #350,Air Handling Unit,B1,1,2019-08-12,3179,56.4,4.33,58.6,46.3,2026-06-22,20,6,Critical,30.3,2026-08-06
PUMP-B35351,Water Pump #351,Water Pump,B3,5,2024-02-19,9799,48.2,1.27,46.8,28.1,2026-05-24,11,3,Good,71.9,2026-10-08
AHU-B13352,Air Handling Unit #352,Air Handling Unit,B1,3,2022-08-15,11828,62.9,3.11,59.5,57.2,2026-01-28,13,3,Critical,40.1,2026-08-13
PUMP-B22353,Water Pump #353,Water Pump,B2,2,2022-06-01,15433,50.9,0.99,42.3,27.6,2026-03-11,22,1,Good,73.5,2026-10-01
COMP-B22354,Compressor #354,Compressor,B2,2,2021-09-09,8662,42.0,1.38,55.6,28.1,2026-06-02,7,3,Good,76.6,2026-11-04
CHILL-B24355,Chiller #355,Chiller,B2,4,2023-05-05,8905,62.1,2.83,42.3,50.6,2026-06-10,17,3,Critical,46.2,2026-09-10
CHILL-B32356,Chiller #356,Chiller,B3,2,2023-05-11,13434,41.5,0.63,47.9,20.1,2026-03-23,5,2,Good,76.9,2026-10-28
PUMP-B34357,Water Pump #357,Water Pump,B3,4,2021-09-11,12048,90.2,7.83,85.4,107.2,2026-02-27,7,4,Critical,5.0,2026-08-08
COMP-B13358,Compressor #358,Compressor,B1,3,2023-02-13,6061,41.8,1.68,56.3,43.6,2026-03-03,20,2,Good,82.6,2026-12-13
GEN-B22359,Generator #359,Generator,B2,2,2021-01-16,9280,39.1,1.72,51.0,37.9,2026-03-16,8,5,Warning,64.1,2026-09-10
GEN-B32360,Generator #360,Generator,B3,2,2023-10-04,10886,63.9,3.81,39.9,56.9,2026-06-27,2,5,Critical,24.0,2026-08-05
ELEV-B12361,Elevator #361,Elevator,B1,2,2021-01-01,15009,50.2,0.87,52.0,30.3,2026-05-15,3,2,Warning,69.7,2026-09-02
ELEV-B23362,Elevator #362,Elevator,B2,3,2020-12-20,16054,38.5,0.63,42.8,22.8,2026-04-12,10,1,Good,79.4,2026-10-11
CTWR-B31363,Cooling Tower #363,Cooling Tower,B3,1,2024-07-21,11813,48.7,0.66,46.5,30.7,2026-05-02,13,1,Good,79.4,2026-09-24
AHU-B21364,Air Handling Unit #364,Air Handling Unit,B2,1,2019-03-05,4550,78.2,8.67,90.0,90.9,2026-03-25,17,3,Critical,15.6,2026-08-08
CTWR-B31365,Cooling Tower #365,Cooling Tower,B3,1,2023-07-21,14175,68.8,3.7,34.6,72.4,2026-03-08,5,4,Critical,21.3,2026-08-01
HVAC-B12366,HVAC Unit #366,HVAC Unit,B1,2,2022-01-02,8376,76.0,6.67,46.7,103.9,2026-01-17,8,3,Critical,11.9,2026-09-08
HVAC-B34367,HVAC Unit #367,HVAC Unit,B3,4,2023-02-02,7757,43.7,0.61,53.2,31.2,2026-03-17,19,0,Healthy,92.5,2026-10-13
GEN-B15368,Generator #368,Generator,B1,5,2019-11-24,10421,39.8,2.1,54.1,20.5,2026-02-11,9,4,Warning,64.8,2026-09-07
CHILL-B33369,Chiller #369,Chiller,B3,3,2022-01-15,17970,32.8,2.05,53.9,40.8,2026-02-25,13,1,Good,72.8,2026-11-27
GEN-B33370,Generator #370,Generator,B3,3,2021-08-02,8730,42.2,1.16,45.5,18.0,2026-03-07,19,6,Warning,61.5,2026-09-12
CTWR-B33371,Cooling Tower #371,Cooling Tower,B3,3,2022-07-20,6615,37.7,2.38,55.7,20.2,2026-05-04,16,3,Good,71.1,2026-09-28
HVAC-B31372,HVAC Unit #372,HVAC Unit,B3,1,2019-05-01,11143,51.2,0.78,47.9,33.3,2026-04-24,15,3,Warning,67.3,2026-09-02
ELEV-B21373,Elevator #373,Elevator,B2,1,2021-01-04,11097,50.6,2.37,56.6,16.0,2026-06-24,5,2,Warning,65.6,2026-08-15
COMP-B11374,Compressor #374,Compressor,B1,1,2019-02-24,8894,66.8,3.35,30.9,62.3,2026-01-24,15,6,Critical,21.6,2026-08-04
CHILL-B24375,Chiller #375,Chiller,B2,4,2019-01-16,15371,32.3,2.22,52.5,43.7,2026-03-23,15,3,Warning,63.9,2026-09-12
COMP-B13376,Compressor #376,Compressor,B1,3,2019-11-09,7362,32.0,1.77,56.0,39.6,2026-04-18,8,5,Warning,65.5,2026-09-13
GEN-B31377,Generator #377,Generator,B3,1,2021-06-03,13235,35.3,1.79,47.9,30.2,2026-02-11,15,6,Warning,54.7,2026-09-07
AHU-B34378,Air Handling Unit #378,Air Handling Unit,B3,4,2021-08-12,10782,49.8,1.82,48.5,43.7,2026-01-20,5,6,Warning,51.5,2026-09-15
AHU-B23379,Air Handling Unit #379,Air Handling Unit,B2,3,2024-08-15,6583,49.2,1.73,51.6,29.8,2026-07-24,2,2,Good,77.0,2026-10-28
AHU-B14380,Air Handling Unit #380,Air Handling Unit,B1,4,2019-07-04,17629,43.5,1.06,50.8,43.1,2026-06-08,18,0,Good,82.8,2026-11-16
CHILL-B23381,Chiller #381,Chiller,B2,3,2023-07-17,14071,40.2,1.95,43.7,33.1,2026-04-05,8,4,Warning,62.5,2026-08-12
HVAC-B31382,HVAC Unit #382,HVAC Unit,B3,1,2022-03-03,11245,48.5,1.58,43.5,38.9,2026-01-01,8,6,Warning,54.5,2026-08-05
CHILL-B12383,Chiller #383,Chiller,B1,2,2024-02-03,9504,39.2,1.33,53.2,21.9,2026-04-12,15,0,Healthy,90.8,2026-10-10
CTWR-B35384,Cooling Tower #384,Cooling Tower,B3,5,2022-11-20,2572,84.0,6.82,36.9,96.8,2026-07-18,22,5,Critical,7.5,2026-08-07
PUMP-B34385,Water Pump #385,Water Pump,B3,4,2019-07-02,17172,33.8,1.04,55.3,32.8,2026-01-15,3,3,Warning,68.3,2026-09-12
PUMP-B15386,Water Pump #386,Water Pump,B1,5,2022-01-11,11351,41.0,1.7,43.5,34.6,2026-05-28,18,6,Warning,57.3,2026-08-15
COMP-B15387,Compressor #387,Compressor,B1,5,2020-08-09,13919,37.1,0.81,50.3,17.7,2026-04-10,18,5,Warning,61.5,2026-08-01
ELEV-B33388,Elevator #388,Elevator,B3,3,2022-02-22,6272,37.0,1.3,53.9,33.6,2026-02-25,3,1,Healthy,88.9,2026-12-02
ELEV-B12389,Elevator #389,Elevator,B1,2,2021-11-19,17366,46.0,2.24,43.6,16.6,2026-06-20,8,5,Warning,50.7,2026-08-08
COMP-B24390,Compressor #390,Compressor,B2,4,2019-12-17,13268,41.5,1.1,50.9,25.9,2026-01-03,21,4,Warning,67.1,2026-09-15
PUMP-B24391,Water Pump #391,Water Pump,B2,4,2023-04-05,5165,35.7,0.95,52.6,30.0,2026-05-09,1,1,Healthy,90.0,2026-12-03
AHU-B34392,Air Handling Unit #392,Air Handling Unit,B3,4,2019-09-02,8810,46.9,1.3,47.9,28.8,2026-01-04,7,1,Good,84.3,2026-11-19
HVAC-B22393,HVAC Unit #393,HVAC Unit,B2,2,2021-04-28,16941,41.6,0.99,44.8,30.3,2026-06-18,7,1,Good,78.5,2026-09-05
AHU-B32394,Air Handling Unit #394,Air Handling Unit,B3,2,2019-08-17,3578,47.1,2.11,47.8,19.4,2026-03-14,19,1,Good,84.0,2026-09-25
CTWR-B13395,Cooling Tower #395,Cooling Tower,B1,3,2022-01-07,13444,49.3,1.95,44.0,32.3,2026-07-17,13,3,Warning,63.4,2026-09-11
AHU-B15396,Air Handling Unit #396,Air Handling Unit,B1,5,2023-05-16,3659,33.3,0.75,56.3,16.8,2026-06-02,14,4,Good,76.4,2026-11-09
CTWR-B24397,Cooling Tower #397,Cooling Tower,B2,4,2024-06-10,11918,84.3,6.98,82.5,106.3,2026-05-22,10,9,Critical,5.0,2026-08-08
PUMP-B14398,Water Pump #398,Water Pump,B1,4,2021-09-17,3262,37.4,1.12,50.2,22.3,2026-03-08,9,5,Good,71.8,2026-10-12
ELEV-B13399,Elevator #399,Elevator,B1,3,2023-11-14,10326,45.2,1.98,56.2,16.6,2026-07-23,9,4,Warning,65.7,2026-09-04
PUMP-B35400,Water Pump #400,Water Pump,B3,5,2023-06-07,16361,46.5,2.18,52.2,18.8,2026-07-21,19,4,Warning,56.7,2026-09-03
COMP-B22401,Compressor #401,Compressor,B2,2,2022-08-23,10071,34.9,1.69,46.0,43.9,2026-07-18,19,3,Good,73.6,2026-12-01
CHILL-B13402,Chiller #402,Chiller,B1,3,2022-08-18,10279,37.3,2.37,52.0,28.2,2026-01-16,17,4,Warning,62.6,2026-09-07
PUMP-B12403,Water Pump #403,Water Pump,B1,2,2020-02-12,2985,34.1,1.56,44.0,15.2,2026-06-22,2,6,Warning,66.6,2026-09-04
HVAC-B35404,HVAC Unit #404,HVAC Unit,B3,5,2019-01-04,12262,40.6,1.01,51.9,30.8,2026-03-18,20,5,Warning,63.1,2026-09-14
GEN-B11405,Generator #405,Generator,B1,1,2023-10-11,8404,81.4,7.69,19.3,83.1,2026-06-20,6,9,Critical,5.0,2026-09-13
COMP-B11406,Compressor #406,Compressor,B1,1,2020-07-08,9130,35.5,1.0,43.7,19.9,2026-03-14,15,4,Good,71.1,2026-12-15
GEN-B11407,Generator #407,Generator,B1,1,2019-07-23,15753,39.7,1.71,48.1,29.9,2026-03-07,15,1,Good,77.9,2026-12-14
PUMP-B21408,Water Pump #408,Water Pump,B2,1,2022-09-20,13910,34.9,0.74,55.4,34.5,2026-02-26,15,4,Warning,66.5,2026-09-04
GEN-B23409,Generator #409,Generator,B2,3,2022-05-08,10724,41.4,0.64,57.0,20.1,2026-06-03,8,3,Good,74.6,2026-12-23
HVAC-B25410,HVAC Unit #410,HVAC Unit,B2,5,2021-06-13,1871,50.2,0.76,46.1,19.5,2026-03-09,16,3,Good,77.5,2026-12-06
AHU-B15411,Air Handling Unit #411,Air Handling Unit,B1,5,2024-09-20,7613,47.2,0.76,56.7,15.0,2026-06-18,2,3,Good,75.2,2026-09-09
CHILL-B33412,Chiller #412,Chiller,B3,3,2022-03-10,5841,58.2,3.62,36.7,47.9,2026-07-03,14,2,Warning,51.8,2026-08-10
AHU-B25413,Air Handling Unit #413,Air Handling Unit,B2,5,2022-07-06,8941,86.3,5.55,75.2,87.8,2026-05-04,1,7,Critical,5.0,2026-09-09
PUMP-B32414,Water Pump #414,Water Pump,B3,2,2020-09-06,9249,68.0,3.83,30.8,60.6,2026-01-13,1,2,Critical,35.9,2026-08-03
HVAC-B22415,HVAC Unit #415,HVAC Unit,B2,2,2020-04-28,13232,36.9,0.92,43.8,20.2,2026-06-20,19,6,Warning,57.1,2026-08-02
CTWR-B11416,Cooling Tower #416,Cooling Tower,B1,1,2021-08-17,17254,42.8,1.33,50.4,43.7,2026-05-12,22,6,Warning,53.2,2026-09-13
ELEV-B34417,Elevator #417,Elevator,B3,4,2020-09-28,17575,33.5,2.39,55.5,15.8,2026-04-13,5,6,Critical,45.3,2026-09-05
PUMP-B13418,Water Pump #418,Water Pump,B1,3,2022-04-25,1725,47.0,1.41,51.4,37.0,2026-02-21,7,3,Good,81.1,2026-11-13
GEN-B11419,Generator #419,Generator,B1,1,2020-08-09,17150,39.4,0.97,44.1,43.7,2026-02-05,13,3,Warning,68.3,2026-08-05
PUMP-B13420,Water Pump #420,Water Pump,B1,3,2022-07-21,15401,48.4,1.59,42.6,44.4,2026-07-16,3,4,Warning,60.5,2026-08-06
PUMP-B13421,Water Pump #421,Water Pump,B1,3,2023-03-01,4519,37.4,0.64,45.5,29.2,2026-01-15,5,5,Good,70.6,2026-12-11
COMP-B25422,Compressor #422,Compressor,B2,5,2021-05-12,2868,40.8,1.48,54.2,13.2,2026-07-18,17,4,Good,77.2,2026-09-05
CTWR-B24423,Cooling Tower #423,Cooling Tower,B2,4,2024-12-21,9952,35.9,1.71,46.4,19.3,2026-01-10,5,1,Good,83.5,2026-09-05
GEN-B25424,Generator #424,Generator,B2,5,2020-07-26,6169,51.8,0.98,57.9,17.4,2026-01-09,14,4,Warning,66.5,2026-09-13
CHILL-B14425,Chiller #425,Chiller,B1,4,2020-11-16,4943,50.0,1.71,57.7,40.1,2026-03-19,3,5,Warning,62.9,2026-09-11
PUMP-B32426,Water Pump #426,Water Pump,B3,2,2024-11-27,18240,68.2,3.29,62.6,58.6,2026-03-11,22,2,Critical,31.5,2026-09-08
CTWR-B15427,Cooling Tower #427,Cooling Tower,B1,5,2021-05-04,6048,58.7,4.71,48.6,50.4,2026-01-23,18,1,Critical,46.8,2026-09-07
CTWR-B25428,Cooling Tower #428,Cooling Tower,B2,5,2021-05-03,9146,50.6,0.72,47.0,41.3,2026-04-13,6,4,Warning,64.9,2026-09-03
CTWR-B21429,Cooling Tower #429,Cooling Tower,B2,1,2021-06-04,11292,63.4,4.72,53.5,57.8,2026-07-08,8,3,Critical,26.4,2026-09-04
AHU-B22430,Air Handling Unit #430,Air Handling Unit,B2,2,2023-06-19,13548,47.9,0.62,50.6,28.3,2026-01-26,3,0,Good,83.6,2026-10-02
HVAC-B22431,HVAC Unit #431,HVAC Unit,B2,2,2019-03-10,13218,66.9,4.13,33.5,50.8,2026-03-11,22,5,Critical,15.7,2026-08-01
CHILL-B15432,Chiller #432,Chiller,B1,5,2019-04-26,6768,75.4,7.93,63.5,99.1,2026-03-05,13,9,Critical,5.0,2026-08-08
ELEV-B15433,Elevator #433,Elevator,B1,5,2019-08-20,8533,38.8,0.89,49.6,26.9,2026-05-10,10,0,Healthy,91.7,2026-11-21
CTWR-B22434,Cooling Tower #434,Cooling Tower,B2,2,2021-11-11,8099,35.1,0.74,51.4,15.9,2026-01-15,8,3,Good,77.1,2026-10-05
CHILL-B23435,Chiller #435,Chiller,B2,3,2024-06-19,9039,50.6,1.8,52.7,36.1,2026-03-23,16,3,Warning,67.5,2026-08-15
COMP-B31436,Compressor #436,Compressor,B3,1,2021-03-13,7474,48.8,2.05,48.2,38.8,2026-04-22,12,0,Good,83.9,2026-12-26
PUMP-B22437,Water Pump #437,Water Pump,B2,2,2021-12-23,15039,89.5,9.19,31.6,114.2,2026-03-14,22,3,Critical,5.4,2026-08-08
PUMP-B11438,Water Pump #438,Water Pump,B1,1,2020-04-17,17431,40.4,1.99,52.1,35.5,2026-07-20,9,1,Good,73.9,2026-11-11
HVAC-B14439,HVAC Unit #439,HVAC Unit,B1,4,2023-04-07,6043,46.7,1.51,50.5,41.4,2026-05-20,11,5,Warning,67.2,2026-08-07
HVAC-B25440,HVAC Unit #440,HVAC Unit,B2,5,2023-05-18,16156,40.1,1.73,54.7,27.7,2026-04-15,2,2,Good,72.3,2026-10-11
GEN-B23441,Generator #441,Generator,B2,3,2021-11-28,2468,59.3,3.33,51.2,47.2,2026-07-15,8,5,Critical,41.3,2026-08-07
HVAC-B21442,HVAC Unit #442,HVAC Unit,B2,1,2019-05-18,14856,67.5,4.33,61.5,68.3,2026-06-02,1,4,Critical,16.7,2026-09-10
GEN-B35443,Generator #443,Generator,B3,5,2021-02-28,8895,35.5,1.78,42.2,26.2,2026-03-21,13,4,Warning,69.0,2026-08-08
HVAC-B12444,HVAC Unit #444,HVAC Unit,B1,2,2024-12-09,6738,40.3,2.23,45.3,17.4,2026-01-25,22,2,Good,77.2,2026-11-10
CHILL-B12445,Chiller #445,Chiller,B1,2,2019-01-08,3362,41.0,0.82,54.3,37.7,2026-04-17,9,1,Healthy,91.7,2026-09-16
ELEV-B13446,Elevator #446,Elevator,B1,3,2019-06-06,13910,89.0,9.39,63.9,118.7,2026-01-06,7,5,Critical,5.0,2026-08-06
AHU-B35447,Air Handling Unit #447,Air Handling Unit,B3,5,2020-08-25,12714,68.5,3.66,62.3,68.5,2026-04-07,1,2,Critical,33.4,2026-08-04
COMP-B31448,Compressor #448,Compressor,B3,1,2024-04-27,17399,38.4,1.26,56.4,13.2,2026-02-01,18,6,Warning,53.1,2026-09-01
PUMP-B33449,Water Pump #449,Water Pump,B3,3,2022-12-27,1443,34.7,0.77,50.3,37.3,2026-05-05,11,6,Warning,68.6,2026-09-08
PUMP-B15450,Water Pump #450,Water Pump,B1,5,2019-11-11,9262,60.0,4.52,32.2,54.7,2026-02-23,10,4,Critical,28.8,2026-09-14
CTWR-B13451,Cooling Tower #451,Cooling Tower,B1,3,2021-07-03,13120,38.0,0.64,57.7,22.8,2026-06-03,3,3,Good,72.2,2026-10-17
CHILL-B21452,Chiller #452,Chiller,B2,1,2019-05-25,12137,36.2,2.04,45.7,21.1,2026-07-25,11,0,Good,83.6,2026-09-26
ELEV-B33453,Elevator #453,Elevator,B3,3,2019-07-25,2534,38.7,1.93,44.2,15.1,2026-05-01,10,3,Good,78.9,2026-09-16
HVAC-B23454,HVAC Unit #454,HVAC Unit,B2,3,2022-09-04,9860,92.7,6.34,42.7,84.1,2026-06-28,6,7,Critical,5.0,2026-08-11
HVAC-B22455,HVAC Unit #455,HVAC Unit,B2,2,2024-12-05,6749,40.2,1.83,56.0,31.0,2026-06-25,22,4,Good,70.6,2026-10-16
GEN-B14456,Generator #456,Generator,B1,4,2020-10-22,13928,38.9,1.33,51.5,42.1,2026-03-09,7,6,Warning,56.4,2026-08-10
CHILL-B34457,Chiller #457,Chiller,B3,4,2021-11-20,17507,35.8,1.06,44.1,18.1,2026-06-19,1,0,Good,83.0,2026-09-22
GEN-B11458,Generator #458,Generator,B1,1,2020-04-24,2725,51.3,1.1,43.8,12.1,2026-02-23,3,5,Warning,65.4,2026-08-14
HVAC-B21459,HVAC Unit #459,HVAC Unit,B2,1,2021-04-15,5931,34.5,1.26,57.6,24.5,2026-05-22,5,5,Warning,69.2,2026-09-08
GEN-B32460,Generator #460,Generator,B3,2,2020-07-12,7360,78.3,7.45,38.3,78.2,2026-04-15,22,7,Critical,5.0,2026-08-01
HVAC-B34461,HVAC Unit #461,HVAC Unit,B3,4,2023-05-07,14746,37.6,1.37,42.2,37.9,2026-05-03,4,2,Good,75.7,2026-12-12
ELEV-B32462,Elevator #462,Elevator,B3,2,2022-04-23,10231,41.6,1.39,44.1,37.8,2026-06-16,16,3,Good,75.0,2026-12-08
AHU-B13463,Air Handling Unit #463,Air Handling Unit,B1,3,2024-06-17,9549,63.8,3.42,46.1,47.8,2026-01-08,4,2,Critical,43.7,2026-09-05
GEN-B35464,Generator #464,Generator,B3,5,2023-10-26,7194,73.1,9.61,42.2,106.3,2026-04-19,21,6,Critical,5.0,2026-09-01
COMP-B12465,Compressor #465,Compressor,B1,2,2019-12-10,15121,65.0,4.06,56.8,73.9,2026-05-19,9,5,Critical,16.5,2026-09-02
CTWR-B25466,Cooling Tower #466,Cooling Tower,B2,5,2020-04-11,2700,36.8,1.2,45.6,43.6,2026-01-23,11,2,Good,87.4,2026-09-04
AHU-B14467,Air Handling Unit #467,Air Handling Unit,B1,4,2019-04-15,14712,45.6,2.36,49.1,16.5,2026-06-07,18,5,Warning,52.7,2026-08-06
CHILL-B13468,Chiller #468,Chiller,B1,3,2019-10-14,5141,41.0,0.98,47.5,19.8,2026-01-03,9,5,Good,70.0,2026-11-26
GEN-B14469,Generator #469,Generator,B1,4,2024-05-18,6673,32.1,2.12,55.1,19.1,2026-04-11,22,6,Warning,58.2,2026-08-02
GEN-B33470,Generator #470,Generator,B3,3,2019-07-23,12634,45.9,0.65,43.6,32.7,2026-01-22,12,6,Warning,56.7,2026-09-04
AHU-B12471,Air Handling Unit #471,Air Handling Unit,B1,2,2024-01-24,7078,34.7,1.43,52.6,19.4,2026-02-02,7,6,Warning,63.1,2026-08-12
GEN-B23472,Generator #472,Generator,B2,3,2024-07-05,3273,35.4,0.66,44.8,39.8,2026-04-04,6,3,Good,81.8,2026-09-25
AHU-B11473,Air Handling Unit #473,Air Handling Unit,B1,1,2020-07-04,15441,59.5,3.84,52.2,65.6,2026-05-19,8,5,Critical,24.1,2026-09-15
COMP-B15474,Compressor #474,Compressor,B1,5,2023-11-19,8264,48.7,1.4,47.1,32.0,2026-06-26,15,3,Good,72.9,2026-09-07
CTWR-B24475,Cooling Tower #475,Cooling Tower,B2,4,2023-08-03,4979,46.0,2.31,43.8,27.8,2026-06-19,5,0,Good,87.2,2026-10-02
AHU-B32476,Air Handling Unit #476,Air Handling Unit,B3,2,2020-04-02,17859,59.1,3.9,43.6,61.6,2026-03-09,20,4,Critical,26.7,2026-09-09
AHU-B11477,Air Handling Unit #477,Air Handling Unit,B1,1,2022-08-28,7927,66.9,2.98,35.9,58.8,2026-04-24,5,6,Critical,25.6,2026-08-12
PUMP-B22478,Water Pump #478,Water Pump,B2,2,2024-05-28,12265,47.6,2.0,53.1,40.5,2026-06-01,1,0,Good,81.0,2026-09-11
AHU-B35479,Air Handling Unit #479,Air Handling Unit,B3,5,2019-02-23,7439,47.7,1.57,47.9,38.0,2026-06-20,16,6,Warning,59.2,2026-08-12
AHU-B23480,Air Handling Unit #480,Air Handling Unit,B2,3,2022-11-04,17715,37.2,0.75,55.0,31.8,2026-05-18,21,2,Good,72.8,2026-12-10
COMP-B31481,Compressor #481,Compressor,B3,1,2020-03-27,10669,60.3,3.74,50.3,59.6,2026-01-20,17,4,Critical,33.7,2026-08-01
ELEV-B14482,Elevator #482,Elevator,B1,4,2021-11-11,4106,42.6,1.33,51.0,19.8,2026-02-26,12,5,Good,71.0,2026-11-17
GEN-B23483,Generator #483,Generator,B2,3,2024-01-12,11362,46.6,1.59,42.6,27.5,2026-04-07,6,6,Warning,56.4,2026-08-07
COMP-B33484,Compressor #484,Compressor,B3,3,2019-10-25,18430,37.4,0.68,44.0,24.9,2026-07-17,6,1,Good,77.1,2026-09-18
HVAC-B23485,HVAC Unit #485,HVAC Unit,B2,3,2024-03-18,16720,39.6,1.97,50.5,14.1,2026-03-08,16,1,Good,74.7,2026-10-22
CHILL-B14486,Chiller #486,Chiller,B1,4,2023-11-10,6799,45.3,1.15,46.8,12.7,2026-04-25,17,4,Good,73.1,2026-10-12
CTWR-B11487,Cooling Tower #487,Cooling Tower,B1,1,2021-05-03,16337,50.9,1.74,44.5,43.2,2026-03-25,2,6,Critical,45.6,2026-09-14
HVAC-B14488,HVAC Unit #488,HVAC Unit,B1,4,2020-12-22,13292,37.9,2.33,56.6,12.8,2026-01-16,11,4,Warning,60.0,2026-09-05
CTWR-B23489,Cooling Tower #489,Cooling Tower,B2,3,2023-10-27,17754,34.2,1.03,53.2,29.1,2026-07-09,1,6,Warning,52.7,2026-09-12
AHU-B25490,Air Handling Unit #490,Air Handling Unit,B2,5,2024-01-22,12338,33.2,2.14,45.8,42.2,2026-02-25,2,2,Good,72.6,2026-11-07
ELEV-B33491,Elevator #491,Elevator,B3,3,2024-02-13,8470,33.9,1.68,50.4,35.8,2026-07-04,5,6,Warning,60.2,2026-08-10
GEN-B15492,Generator #492,Generator,B1,5,2019-11-22,7687,44.9,2.4,42.6,25.4,2026-01-24,16,1,Good,79.9,2026-09-03
COMP-B24493,Compressor #493,Compressor,B2,4,2019-08-17,14543,70.2,2.82,37.4,69.8,2026-07-01,18,5,Critical,21.9,2026-08-06
CTWR-B15494,Cooling Tower #494,Cooling Tower,B1,5,2020-10-17,1629,41.4,1.87,46.2,21.4,2026-05-04,8,5,Good,70.3,2026-12-01
GEN-B23495,Generator #495,Generator,B2,3,2023-06-05,3098,48.2,2.17,52.2,31.0,2026-01-18,3,2,Good,77.8,2026-11-08
GEN-B25496,Generator #496,Generator,B2,5,2022-06-27,2064,40.1,0.91,53.6,43.1,2026-05-20,19,1,Healthy,93.0,2026-10-03
GEN-B23497,Generator #497,Generator,B2,3,2021-06-14,3714,88.3,9.14,39.8,98.9,2026-06-02,3,4,Critical,11.4,2026-09-11
HVAC-B22498,HVAC Unit #498,HVAC Unit,B2,2,2022-07-14,15466,34.3,0.83,54.5,12.6,2026-01-07,2,4,Warning,65.0,2026-08-09
GEN-B24499,Generator #499,Generator,B2,4,2022-10-03,2093,33.5,2.29,45.4,43.4,2026-07-07,13,1,Good,86.2,2026-11-11
PUMP-B14500,Water Pump #500,Water Pump,B1,4,2023-09-06,15494,48.9,1.36,51.0,41.8,2026-05-07,19,0,Good,80.6,2026-11-10
HVAC-B12501,HVAC Unit #501,HVAC Unit,B1,2,2021-09-01,18495,38.0,1.46,52.7,30.2,2026-05-05,15,6,Warning,52.0,2026-09-01
GEN-B13502,Generator #502,Generator,B1,3,2023-12-04,2949,45.8,0.63,55.2,28.7,2026-05-19,4,5,Good,71.3,2026-09-26
ELEV-B25503,Elevator #503,Elevator,B2,5,2020-01-23,16047,61.8,4.0,52.9,73.3,2026-04-25,9,4,Critical,24.7,2026-09-14
ELEV-B35504,Elevator #504,Elevator,B3,5,2023-12-24,16148,42.7,1.26,48.1,43.4,2026-02-05,3,4,Warning,64.3,2026-09-10
CHILL-B21505,Chiller #505,Chiller,B2,1,2023-05-19,7571,48.8,2.05,45.6,37.8,2026-07-14,6,1,Good,78.8,2026-12-19
HVAC-B25506,HVAC Unit #506,HVAC Unit,B2,5,2024-01-18,16698,41.1,1.35,56.3,33.2,2026-02-24,5,3,Warning,68.8,2026-08-05
GEN-B35507,Generator #507,Generator,B3,5,2020-06-22,13055,63.8,4.11,52.4,46.5,2026-07-10,21,1,Critical,39.4,2026-08-15
PUMP-B21508,Water Pump #508,Water Pump,B2,1,2020-12-19,15426,49.0,0.87,51.4,23.8,2026-06-05,11,0,Good,80.6,2026-12-22
ELEV-B15509,Elevator #509,Elevator,B1,5,2022-10-13,12495,48.6,0.63,49.7,26.1,2026-06-27,14,5,Warning,58.9,2026-08-13
GEN-B33510,Generator #510,Generator,B3,3,2023-06-25,5138,37.3,1.57,45.8,38.3,2026-03-28,9,6,Warning,64.4,2026-09-11
HVAC-B12511,HVAC Unit #511,HVAC Unit,B1,2,2022-04-01,1413,44.0,2.23,48.2,44.9,2026-01-27,22,6,Warning,62.4,2026-09-09
GEN-B11512,Generator #512,Generator,B1,1,2024-04-27,12172,81.3,5.46,66.0,79.5,2026-05-03,1,3,Critical,9.5,2026-09-01
COMP-B22513,Compressor #513,Compressor,B2,2,2024-09-07,15726,33.0,1.26,52.2,20.9,2026-04-15,21,3,Warning,69.7,2026-09-10
ELEV-B22514,Elevator #514,Elevator,B2,2,2019-12-15,5778,66.4,3.99,43.8,62.1,2026-01-24,13,6,Critical,19.7,2026-09-12
COMP-B21515,Compressor #515,Compressor,B2,1,2020-10-23,3388,42.5,1.56,43.1,18.4,2026-02-15,9,0,Healthy,96.2,2026-10-03
AHU-B23516,Air Handling Unit #516,Air Handling Unit,B2,3,2024-03-07,12496,50.5,1.44,45.3,44.9,2026-02-22,13,0,Good,81.8,2026-09-03
AHU-B14517,Air Handling Unit #517,Air Handling Unit,B1,4,2019-04-25,15024,45.4,0.84,49.9,30.9,2026-03-13,8,6,Warning,54.9,2026-08-04
GEN-B21518,Generator #518,Generator,B2,1,2024-09-10,11262,51.2,2.16,47.2,16.6,2026-04-10,9,4,Warning,56.6,2026-08-14
CHILL-B23519,Chiller #519,Chiller,B2,3,2021-01-08,16002,34.0,1.45,43.7,16.7,2026-04-24,7,5,Warning,59.4,2026-09-11
AHU-B11520,Air Handling Unit #520,Air Handling Unit,B1,1,2019-03-21,4223,48.5,0.78,45.1,29.1,2026-04-06,16,6,Warning,62.0,2026-09-12